[{"model": "admin.logentry", "pk": 1, "fields": {"action_time": "2023-07-04T10:48:47.484Z", "user": "a6b09beb-b48f-4c52-a25a-8fa337df2675", "content_type": 6, "object_id": "fbbc214f-bab2-418f-9ed8-c0461c5674bb", "object_repr": "customer1@gmail.com", "action_flag": 1, "change_message": "[{\"added\": {}}]"}}, {"model": "admin.logentry", "pk": 2, "fields": {"action_time": "2023-07-04T10:49:01.618Z", "user": "a6b09beb-b48f-4c52-a25a-8fa337df2675", "content_type": 6, "object_id": "fbbc214f-bab2-418f-9ed8-c0461c5674bb", "object_repr": "customer1@gmail.com", "action_flag": 2, "change_message": "[]"}}, {"model": "admin.logentry", "pk": 3, "fields": {"action_time": "2023-07-05T08:13:26.380Z", "user": "a6b09beb-b48f-4c52-a25a-8fa337df2675", "content_type": 3, "object_id": "1", "object_repr": "Customer", "action_flag": 1, "change_message": "[{\"added\": {}}]"}}, {"model": "admin.logentry", "pk": 4, "fields": {"action_time": "2023-07-05T08:13:29.184Z", "user": "a6b09beb-b48f-4c52-a25a-8fa337df2675", "content_type": 3, "object_id": "2", "object_repr": "Vendor", "action_flag": 1, "change_message": "[{\"added\": {}}]"}}, {"model": "admin.logentry", "pk": 5, "fields": {"action_time": "2023-07-05T08:20:47.583Z", "user": "a6b09beb-b48f-4c52-a25a-8fa337df2675", "content_type": 6, "object_id": "4fe9f6c8-754c-4072-9579-2196d1620ad8", "object_repr": "vendor1@gmail.com", "action_flag": 3, "change_message": ""}}, {"model": "admin.logentry", "pk": 6, "fields": {"action_time": "2023-07-05T08:20:47.585Z", "user": "a6b09beb-b48f-4c52-a25a-8fa337df2675", "content_type": 6, "object_id": "93073b9e-0b8c-47b4-badf-173564fafa5f", "object_repr": "bhautik@gmail.com", "action_flag": 3, "change_message": ""}}, {"model": "admin.logentry", "pk": 7, "fields": {"action_time": "2023-07-05T08:20:47.587Z", "user": "a6b09beb-b48f-4c52-a25a-8fa337df2675", "content_type": 6, "object_id": "fbbc214f-bab2-418f-9ed8-c0461c5674bb", "object_repr": "customer1@gmail.com", "action_flag": 3, "change_message": ""}}, {"model": "admin.logentry", "pk": 8, "fields": {"action_time": "2023-07-06T09:03:23.080Z", "user": "a6b09beb-b48f-4c52-a25a-8fa337df2675", "content_type": 15, "object_id": "97836ab1-c5d4-4aa0-8d49-ba16076c644b", "object_repr": "Fashion", "action_flag": 1, "change_message": "[{\"added\": {}}]"}}, {"model": "admin.logentry", "pk": 9, "fields": {"action_time": "2023-07-06T09:04:27.181Z", "user": "a6b09beb-b48f-4c52-a25a-8fa337df2675", "content_type": 15, "object_id": "a390ca5f-6ec6-4610-b845-f41c29086249", "object_repr": "Electronic", "action_flag": 1, "change_message": "[{\"added\": {}}]"}}, {"model": "admin.logentry", "pk": 10, "fields": {"action_time": "2023-07-06T09:05:40.573Z", "user": "a6b09beb-b48f-4c52-a25a-8fa337df2675", "content_type": 11, "object_id": "e47b8f3a-2794-499d-959c-f59be7af5bce", "object_repr": "Puma", "action_flag": 1, "change_message": "[{\"added\": {}}]"}}, {"model": "admin.logentry", "pk": 11, "fields": {"action_time": "2023-07-06T09:05:43.358Z", "user": "a6b09beb-b48f-4c52-a25a-8fa337df2675", "content_type": 11, "object_id": "eb8086af-2d6b-4d4c-b6c5-29894be1e9a1", "object_repr": "Nike", "action_flag": 1, "change_message": "[{\"added\": {}}]"}}, {"model": "admin.logentry", "pk": 12, "fields": {"action_time": "2023-07-06T09:05:45.346Z", "user": "a6b09beb-b48f-4c52-a25a-8fa337df2675", "content_type": 11, "object_id": "2c2b7aa0-34f4-45dc-b450-a26291888e5c", "object_repr": "Louis Philippe", "action_flag": 1, "change_message": "[{\"added\": {}}]"}}, {"model": "admin.logentry", "pk": 13, "fields": {"action_time": "2023-07-06T09:05:47.159Z", "user": "a6b09beb-b48f-4c52-a25a-8fa337df2675", "content_type": 11, "object_id": "bc12af99-1900-4130-970b-0b2a844517b0", "object_repr": "Allen Solly", "action_flag": 1, "change_message": "[{\"added\": {}}]"}}, {"model": "admin.logentry", "pk": 14, "fields": {"action_time": "2023-07-06T09:05:49.213Z", "user": "a6b09beb-b48f-4c52-a25a-8fa337df2675", "content_type": 11, "object_id": "cfe0e0cb-cad5-48a3-af0a-044cb719cdb1", "object_repr": "Oneplus", "action_flag": 1, "change_message": "[{\"added\": {}}]"}}, {"model": "admin.logentry", "pk": 15, "fields": {"action_time": "2023-07-06T09:05:51.207Z", "user": "a6b09beb-b48f-4c52-a25a-8fa337df2675", "content_type": 11, "object_id": "1bbab98d-6852-4c8d-b082-9046abf92eea", "object_repr": "Iphone", "action_flag": 1, "change_message": "[{\"added\": {}}]"}}, {"model": "admin.logentry", "pk": 16, "fields": {"action_time": "2023-07-06T09:06:34.306Z", "user": "a6b09beb-b48f-4c52-a25a-8fa337df2675", "content_type": 15, "object_id": "82d1eb92-5dc4-4bfb-8cf0-77eccadd147b", "object_repr": "Jeans", "action_flag": 1, "change_message": "[{\"added\": {}}]"}}, {"model": "admin.logentry", "pk": 17, "fields": {"action_time": "2023-07-06T09:06:45.824Z", "user": "a6b09beb-b48f-4c52-a25a-8fa337df2675", "content_type": 15, "object_id": "cbe10e02-326c-43be-a4fa-bd0b8b477bb8", "object_repr": "Jacket", "action_flag": 1, "change_message": "[{\"added\": {}}]"}}, {"model": "admin.logentry", "pk": 18, "fields": {"action_time": "2023-07-06T09:07:50.581Z", "user": "a6b09beb-b48f-4c52-a25a-8fa337df2675", "content_type": 11, "object_id": "1b69c985-d8b3-4f22-8640-7cd56f998d3c", "object_repr": "Spykar", "action_flag": 1, "change_message": "[{\"added\": {}}]"}}, {"model": "admin.logentry", "pk": 19, "fields": {"action_time": "2023-07-06T09:33:04.232Z", "user": "a6b09beb-b48f-4c52-a25a-8fa337df2675", "content_type": 20, "object_id": "dde33746-fd90-4f99-bf7e-c702a07814d3", "object_repr": "Color", "action_flag": 1, "change_message": "[{\"added\": {}}, {\"added\": {\"name\": \"Attribute Value\", \"object\": \"Red - Color\"}}, {\"added\": {\"name\": \"Attribute Value\", \"object\": \"Blue - Color\"}}, {\"added\": {\"name\": \"Attribute Value\", \"object\": \"Orange - Color\"}}, {\"added\": {\"name\": \"Attribute Value\", \"object\": \"Green - Color\"}}]"}}, {"model": "admin.logentry", "pk": 20, "fields": {"action_time": "2023-07-06T09:33:55.700Z", "user": "a6b09beb-b48f-4c52-a25a-8fa337df2675", "content_type": 20, "object_id": "a485a4fc-3257-4edb-a415-41925db28f47", "object_repr": "Size", "action_flag": 1, "change_message": "[{\"added\": {}}, {\"added\": {\"name\": \"Attribute Value\", \"object\": \"S - Size\"}}, {\"added\": {\"name\": \"Attribute Value\", \"object\": \"M - Size\"}}, {\"added\": {\"name\": \"Attribute Value\", \"object\": \"L - Size\"}}, {\"added\": {\"name\": \"Attribute Value\", \"object\": \"XL - Size\"}}, {\"added\": {\"name\": \"Attribute Value\", \"object\": \"XXL - Size\"}}]"}}, {"model": "admin.logentry", "pk": 21, "fields": {"action_time": "2023-07-06T09:54:15.025Z", "user": "a6b09beb-b48f-4c52-a25a-8fa337df2675", "content_type": 19, "object_id": "0716889e-7d4d-4798-b733-eee1e34c7ef0", "object_repr": "Fancy Jacket", "action_flag": 1, "change_message": "[{\"added\": {}}, {\"added\": {\"name\": \"Variant\", \"object\": \"Fancy Jacket\"}}, {\"added\": {\"name\": \"Multiple Image\", \"object\": \"Fancy Jacket\"}}, {\"added\": {\"name\": \"Multiple Image\", \"object\": \"Fancy Jacket\"}}, {\"added\": {\"name\": \"Multiple Image\", \"object\": \"Fancy Jacket\"}}, {\"added\": {\"name\": \"Multiple Image\", \"object\": \"Fancy Jacket\"}}, {\"added\": {\"name\": \"Multiple Image\", \"object\": \"Fancy Jacket\"}}]"}}, {"model": "admin.logentry", "pk": 22, "fields": {"action_time": "2023-07-07T05:39:41.984Z", "user": "a6b09beb-b48f-4c52-a25a-8fa337df2675", "content_type": 25, "object_id": "6d6ed1d8-6099-4191-8e23-25797560c245", "object_repr": "Megastore1 Demo", "action_flag": 1, "change_message": "[{\"added\": {}}]"}}, {"model": "admin.logentry", "pk": 23, "fields": {"action_time": "2023-07-07T05:39:49.206Z", "user": "a6b09beb-b48f-4c52-a25a-8fa337df2675", "content_type": 25, "object_id": "c5347c25-f4b5-4ee4-8094-17dccdbcb0f8", "object_repr": "Megastore2 Demo", "action_flag": 1, "change_message": "[{\"added\": {}}]"}}, {"model": "admin.logentry", "pk": 24, "fields": {"action_time": "2023-07-07T05:39:57.878Z", "user": "a6b09beb-b48f-4c52-a25a-8fa337df2675", "content_type": 25, "object_id": "c971a213-2ce8-4f9d-b05b-69365d51ed8e", "object_repr": "Megastore3 Demo", "action_flag": 1, "change_message": "[{\"added\": {}}]"}}, {"model": "admin.logentry", "pk": 25, "fields": {"action_time": "2023-07-07T05:40:02.062Z", "user": "a6b09beb-b48f-4c52-a25a-8fa337df2675", "content_type": 25, "object_id": "faade548-bda0-44c5-8779-32739e05c30c", "object_repr": "Megastore4 Demo", "action_flag": 1, "change_message": "[{\"added\": {}}]"}}, {"model": "admin.logentry", "pk": 26, "fields": {"action_time": "2023-07-07T05:40:15.895Z", "user": "a6b09beb-b48f-4c52-a25a-8fa337df2675", "content_type": 25, "object_id": "d48705c7-d5a7-45ff-90ac-e77fca6237df", "object_repr": "Megastore5 Demo", "action_flag": 1, "change_message": "[{\"added\": {}}]"}}, {"model": "admin.logentry", "pk": 27, "fields": {"action_time": "2023-07-07T05:41:18.822Z", "user": "a6b09beb-b48f-4c52-a25a-8fa337df2675", "content_type": 25, "object_id": "5405563a-a282-4a72-bf07-6d8b3f32bffd", "object_repr": "Electronics Demo", "action_flag": 1, "change_message": "[{\"added\": {}}]"}}, {"model": "admin.logentry", "pk": 28, "fields": {"action_time": "2023-07-07T05:41:22.896Z", "user": "a6b09beb-b48f-4c52-a25a-8fa337df2675", "content_type": 25, "object_id": "3d0a8d5d-b129-4841-9ee8-33f5b55e3c24", "object_repr": "Vegetable Demo", "action_flag": 1, "change_message": "[{\"added\": {}}]"}}, {"model": "admin.logentry", "pk": 29, "fields": {"action_time": "2023-07-07T05:41:30.608Z", "user": "a6b09beb-b48f-4c52-a25a-8fa337df2675", "content_type": 25, "object_id": "f82cbff1-0b6a-4a7a-8ec4-84ca6fcf5ef9", "object_repr": "Furniture Demo", "action_flag": 1, "change_message": "[{\"added\": {}}]"}}, {"model": "admin.logentry", "pk": 30, "fields": {"action_time": "2023-07-07T05:41:36.385Z", "user": "a6b09beb-b48f-4c52-a25a-8fa337df2675", "content_type": 25, "object_id": "d21ee96a-c07e-4e71-9bf6-f33a39764290", "object_repr": "Cosmetic Demo", "action_flag": 1, "change_message": "[{\"added\": {}}]"}}, {"model": "admin.logentry", "pk": 31, "fields": {"action_time": "2023-07-07T05:41:43.934Z", "user": "a6b09beb-b48f-4c52-a25a-8fa337df2675", "content_type": 25, "object_id": "9867cd7d-6839-4ecf-a5ab-3405823fba41", "object_repr": "Kids Demo", "action_flag": 1, "change_message": "[{\"added\": {}}]"}}, {"model": "admin.logentry", "pk": 32, "fields": {"action_time": "2023-07-07T05:41:49.548Z", "user": "a6b09beb-b48f-4c52-a25a-8fa337df2675", "content_type": 25, "object_id": "1be2e0d0-5a58-4043-8d07-92e14193a3a7", "object_repr": "Tools Demo", "action_flag": 1, "change_message": "[{\"added\": {}}]"}}, {"model": "admin.logentry", "pk": 33, "fields": {"action_time": "2023-07-07T05:41:59.415Z", "user": "a6b09beb-b48f-4c52-a25a-8fa337df2675", "content_type": 25, "object_id": "180572a1-e052-45ae-be92-e8eb85d67937", "object_repr": "Grocery Demo", "action_flag": 1, "change_message": "[{\"added\": {}}]"}}, {"model": "admin.logentry", "pk": 34, "fields": {"action_time": "2023-07-07T05:42:09.381Z", "user": "a6b09beb-b48f-4c52-a25a-8fa337df2675", "content_type": 25, "object_id": "eefa9fad-bb3b-48d8-a6c1-8512199a1e0f", "object_repr": "Pets Demo", "action_flag": 1, "change_message": "[{\"added\": {}}]"}}, {"model": "admin.logentry", "pk": 35, "fields": {"action_time": "2023-07-07T05:42:18.057Z", "user": "a6b09beb-b48f-4c52-a25a-8fa337df2675", "content_type": 25, "object_id": "2a6ad75d-bbee-4c97-86ae-a7688968b479", "object_repr": "Farming Demo", "action_flag": 1, "change_message": "[{\"added\": {}}]"}}, {"model": "admin.logentry", "pk": 36, "fields": {"action_time": "2023-07-07T05:42:32.330Z", "user": "a6b09beb-b48f-4c52-a25a-8fa337df2675", "content_type": 25, "object_id": "da61bf23-a6a3-4693-ae02-4105aa07600e", "object_repr": "Digital Marketplace demo", "action_flag": 1, "change_message": "[{\"added\": {}}]"}}, {"model": "admin.logentry", "pk": 37, "fields": {"action_time": "2023-07-07T05:45:15.419Z", "user": "a6b09beb-b48f-4c52-a25a-8fa337df2675", "content_type": 24, "object_id": "7ad3d5dd-888f-48d1-ba0c-de08fd352321", "object_repr": "Slider", "action_flag": 1, "change_message": "[{\"added\": {}}]"}}, {"model": "admin.logentry", "pk": 38, "fields": {"action_time": "2023-07-07T05:45:17.936Z", "user": "a6b09beb-b48f-4c52-a25a-8fa337df2675", "content_type": 24, "object_id": "3251760f-9a3d-40f8-9dd5-4f65f09076b3", "object_repr": "Banner", "action_flag": 1, "change_message": "[{\"added\": {}}]"}}, {"model": "admin.logentry", "pk": 39, "fields": {"action_time": "2023-07-07T05:45:20.075Z", "user": "a6b09beb-b48f-4c52-a25a-8fa337df2675", "content_type": 24, "object_id": "d3cc343c-fefb-4980-8b9e-3316579e3b43", "object_repr": "Instagram", "action_flag": 1, "change_message": "[{\"added\": {}}]"}}, {"model": "admin.logentry", "pk": 40, "fields": {"action_time": "2023-07-07T05:45:22.577Z", "user": "a6b09beb-b48f-4c52-a25a-8fa337df2675", "content_type": 24, "object_id": "58b2fafc-50b2-421b-bd49-ac330af5d3d0", "object_repr": "Product", "action_flag": 1, "change_message": "[{\"added\": {}}]"}}, {"model": "admin.logentry", "pk": 41, "fields": {"action_time": "2023-07-07T05:45:29.168Z", "user": "a6b09beb-b48f-4c52-a25a-8fa337df2675", "content_type": 24, "object_id": "c1e08839-f30f-4910-b4c4-4c96b333cd48", "object_repr": "Shop Banner", "action_flag": 1, "change_message": "[{\"added\": {}}]"}}, {"model": "admin.logentry", "pk": 42, "fields": {"action_time": "2023-07-07T05:45:32.216Z", "user": "a6b09beb-b48f-4c52-a25a-8fa337df2675", "content_type": 24, "object_id": "b91d0c50-7b54-4c53-8c5f-462882d83351", "object_repr": "Timer", "action_flag": 1, "change_message": "[{\"added\": {}}]"}}, {"model": "admin.logentry", "pk": 43, "fields": {"action_time": "2023-07-07T05:45:38.347Z", "user": "a6b09beb-b48f-4c52-a25a-8fa337df2675", "content_type": 24, "object_id": "58b2fafc-50b2-421b-bd49-ac330af5d3d0", "object_repr": "Product", "action_flag": 3, "change_message": ""}}, {"model": "admin.logentry", "pk": 44, "fields": {"action_time": "2023-07-07T06:21:17.741Z", "user": "a6b09beb-b48f-4c52-a25a-8fa337df2675", "content_type": 23, "object_id": "ff5eb273-e842-43b5-87a4-8f47f71a8f88", "object_repr": "Megastore2 Demo | Slider | Fancy Jacket", "action_flag": 1, "change_message": "[{\"added\": {}}]"}}, {"model": "admin.logentry", "pk": 45, "fields": {"action_time": "2023-07-07T07:00:57.499Z", "user": "a6b09beb-b48f-4c52-a25a-8fa337df2675", "content_type": 23, "object_id": "3a37751a-6770-4faf-9779-918ef9a55833", "object_repr": "Megastore2 Demo | Banner | Fancy Jacket", "action_flag": 1, "change_message": "[{\"added\": {}}]"}}, {"model": "admin.logentry", "pk": 46, "fields": {"action_time": "2023-07-07T07:01:20.689Z", "user": "a6b09beb-b48f-4c52-a25a-8fa337df2675", "content_type": 23, "object_id": "c6dea0e1-4425-47f6-b3d3-55ee40144c17", "object_repr": "Megastore2 Demo | Banner | Fancy Jacket", "action_flag": 1, "change_message": "[{\"added\": {}}]"}}, {"model": "admin.logentry", "pk": 47, "fields": {"action_time": "2023-07-07T10:37:36.029Z", "user": "a6b09beb-b48f-4c52-a25a-8fa337df2675", "content_type": 15, "object_id": "97836ab1-c5d4-4aa0-8d49-ba16076c644b", "object_repr": "ms2", "action_flag": 2, "change_message": "[{\"changed\": {\"fields\": [\"Name\"]}}]"}}, {"model": "admin.logentry", "pk": 48, "fields": {"action_time": "2023-07-07T10:38:00.066Z", "user": "a6b09beb-b48f-4c52-a25a-8fa337df2675", "content_type": 15, "object_id": "359fb703-5c80-43c8-b46e-5f53e21e04f2", "object_repr": "ms3", "action_flag": 1, "change_message": "[{\"added\": {}}]"}}, {"model": "admin.logentry", "pk": 49, "fields": {"action_time": "2023-07-07T10:38:06.814Z", "user": "a6b09beb-b48f-4c52-a25a-8fa337df2675", "content_type": 15, "object_id": "3731c43b-bb07-4255-a625-69444d1396da", "object_repr": "ms4", "action_flag": 1, "change_message": "[{\"added\": {}}]"}}, {"model": "admin.logentry", "pk": 50, "fields": {"action_time": "2023-07-07T10:38:22.727Z", "user": "a6b09beb-b48f-4c52-a25a-8fa337df2675", "content_type": 15, "object_id": "7743c7df-b182-4280-ad0b-496fb769cc3a", "object_repr": "ms5", "action_flag": 1, "change_message": "[{\"added\": {}}]"}}, {"model": "admin.logentry", "pk": 51, "fields": {"action_time": "2023-07-08T04:37:28.733Z", "user": "a6b09beb-b48f-4c52-a25a-8fa337df2675", "content_type": 26, "object_id": "e240b129-0dc4-49e2-b5ae-c0cc610fbec8", "object_repr": "US Dollar", "action_flag": 1, "change_message": "[{\"added\": {}}]"}}, {"model": "admin.logentry", "pk": 52, "fields": {"action_time": "2023-07-08T04:37:53.131Z", "user": "a6b09beb-b48f-4c52-a25a-8fa337df2675", "content_type": 26, "object_id": "180fce99-51db-4bab-b7b9-c9596ecb25e8", "object_repr": "Indian Rupee", "action_flag": 1, "change_message": "[{\"added\": {}}]"}}, {"model": "admin.logentry", "pk": 53, "fields": {"action_time": "2023-07-08T04:38:30.272Z", "user": "a6b09beb-b48f-4c52-a25a-8fa337df2675", "content_type": 26, "object_id": "f1027ea7-1f01-4cb1-a590-8b2fad6d781d", "object_repr": "Japanese Yen", "action_flag": 1, "change_message": "[{\"added\": {}}]"}}, {"model": "admin.logentry", "pk": 54, "fields": {"action_time": "2023-07-08T05:43:55.963Z", "user": "a6b09beb-b48f-4c52-a25a-8fa337df2675", "content_type": 26, "object_id": "180fce99-51db-4bab-b7b9-c9596ecb25e8", "object_repr": "Indian Rupee", "action_flag": 2, "change_message": "[{\"changed\": {\"fields\": [\"Symbol\"]}}]"}}, {"model": "admin.logentry", "pk": 55, "fields": {"action_time": "2023-07-08T05:44:18.634Z", "user": "a6b09beb-b48f-4c52-a25a-8fa337df2675", "content_type": 26, "object_id": "180fce99-51db-4bab-b7b9-c9596ecb25e8", "object_repr": "Indian Rupee", "action_flag": 2, "change_message": "[{\"changed\": {\"fields\": [\"Symbol\"]}}]"}}, {"model": "admin.logentry", "pk": 56, "fields": {"action_time": "2023-07-08T05:45:24.291Z", "user": "a6b09beb-b48f-4c52-a25a-8fa337df2675", "content_type": 26, "object_id": "180fce99-51db-4bab-b7b9-c9596ecb25e8", "object_repr": "Indian Rupee", "action_flag": 2, "change_message": "[]"}}, {"model": "admin.logentry", "pk": 57, "fields": {"action_time": "2023-07-10T03:41:09.271Z", "user": "a6b09beb-b48f-4c52-a25a-8fa337df2675", "content_type": 15, "object_id": "5e885bf3-4be4-4ce3-af7e-78f40635a785", "object_repr": "ms1", "action_flag": 1, "change_message": "[{\"added\": {}}]"}}, {"model": "admin.logentry", "pk": 58, "fields": {"action_time": "2023-07-10T03:43:37.826Z", "user": "a6b09beb-b48f-4c52-a25a-8fa337df2675", "content_type": 15, "object_id": "a390ca5f-6ec6-4610-b845-f41c29086249", "object_repr": "Electronic", "action_flag": 2, "change_message": "[{\"changed\": {\"fields\": [\"Parent\"]}}]"}}, {"model": "admin.logentry", "pk": 59, "fields": {"action_time": "2023-07-10T04:04:08.261Z", "user": "a6b09beb-b48f-4c52-a25a-8fa337df2675", "content_type": 19, "object_id": "fdccb501-41fc-400d-b21d-7febf48ca4c9", "object_repr": "Iphone-14", "action_flag": 1, "change_message": "[{\"added\": {}}, {\"added\": {\"name\": \"Variant\", \"object\": \"Iphone-14\"}}, {\"added\": {\"name\": \"Multiple Image\", \"object\": \"Iphone-14\"}}, {\"added\": {\"name\": \"Multiple Image\", \"object\": \"Iphone-14\"}}, {\"added\": {\"name\": \"Multiple Image\", \"object\": \"Iphone-14\"}}, {\"added\": {\"name\": \"Multiple Image\", \"object\": \"Iphone-14\"}}]"}}, {"model": "admin.logentry", "pk": 60, "fields": {"action_time": "2023-07-10T04:05:21.994Z", "user": "a6b09beb-b48f-4c52-a25a-8fa337df2675", "content_type": 23, "object_id": "c97e282d-bf73-4601-a033-88f481fe68e9", "object_repr": "Megastore1 Demo | Banner | Iphone-14", "action_flag": 1, "change_message": "[{\"added\": {}}]"}}, {"model": "admin.logentry", "pk": 61, "fields": {"action_time": "2023-07-10T04:07:00.765Z", "user": "a6b09beb-b48f-4c52-a25a-8fa337df2675", "content_type": 23, "object_id": "03442038-4e91-4da3-b4cd-20f9a23eea46", "object_repr": "Megastore1 Demo | Banner | Iphone-14", "action_flag": 1, "change_message": "[{\"added\": {}}]"}}, {"model": "admin.logentry", "pk": 62, "fields": {"action_time": "2023-07-10T04:07:14.619Z", "user": "a6b09beb-b48f-4c52-a25a-8fa337df2675", "content_type": 23, "object_id": "7bf800ef-b350-4ec0-b289-77541685ac23", "object_repr": "Megastore1 Demo | Banner | Iphone-14", "action_flag": 1, "change_message": "[{\"added\": {}}]"}}, {"model": "admin.logentry", "pk": 63, "fields": {"action_time": "2023-07-10T04:35:01.397Z", "user": "a6b09beb-b48f-4c52-a25a-8fa337df2675", "content_type": 23, "object_id": "3f1d8bf7-3398-4c1b-bc28-671ea2b8f84e", "object_repr": "Megastore1 Demo | Slider | Iphone-14", "action_flag": 1, "change_message": "[{\"added\": {}}]"}}, {"model": "admin.logentry", "pk": 64, "fields": {"action_time": "2023-07-10T04:35:18.794Z", "user": "a6b09beb-b48f-4c52-a25a-8fa337df2675", "content_type": 23, "object_id": "62229fd1-d6c5-429a-99d9-d5cdf3879583", "object_repr": "Megastore1 Demo | Slider | Iphone-14", "action_flag": 1, "change_message": "[{\"added\": {}}]"}}, {"model": "admin.logentry", "pk": 65, "fields": {"action_time": "2023-07-10T04:35:30.331Z", "user": "a6b09beb-b48f-4c52-a25a-8fa337df2675", "content_type": 23, "object_id": "3495bdc2-5832-4506-ad7a-f591c81081fa", "object_repr": "Megastore1 Demo | Slider | Iphone-14", "action_flag": 1, "change_message": "[{\"added\": {}}]"}}, {"model": "admin.logentry", "pk": 66, "fields": {"action_time": "2023-07-10T10:07:07.765Z", "user": "a6b09beb-b48f-4c52-a25a-8fa337df2675", "content_type": 23, "object_id": "9b5474d9-a435-43be-bcb9-a36c427691a7", "object_repr": "Megastore1 Demo | Shop Banner | Iphone-14", "action_flag": 1, "change_message": "[{\"added\": {}}]"}}, {"model": "admin.logentry", "pk": 67, "fields": {"action_time": "2023-07-10T10:07:21.820Z", "user": "a6b09beb-b48f-4c52-a25a-8fa337df2675", "content_type": 23, "object_id": "ed48390f-04d1-4c5e-94c0-f8a2455ac7a8", "object_repr": "Megastore1 Demo | Shop Banner | Iphone-14", "action_flag": 1, "change_message": "[{\"added\": {}}]"}}, {"model": "admin.logentry", "pk": 68, "fields": {"action_time": "2023-07-10T10:07:35.148Z", "user": "a6b09beb-b48f-4c52-a25a-8fa337df2675", "content_type": 23, "object_id": "e6247483-469a-4df9-9247-f461016000b0", "object_repr": "Megastore1 Demo | Shop Banner | Iphone-14", "action_flag": 1, "change_message": "[{\"added\": {}}]"}}, {"model": "admin.logentry", "pk": 69, "fields": {"action_time": "2023-07-10T10:11:03.241Z", "user": "a6b09beb-b48f-4c52-a25a-8fa337df2675", "content_type": 23, "object_id": "ed48390f-04d1-4c5e-94c0-f8a2455ac7a8", "object_repr": "Megastore1 Demo | Shop Banner | Iphone-14", "action_flag": 2, "change_message": "[{\"changed\": {\"fields\": [\"Image\"]}}]"}}, {"model": "admin.logentry", "pk": 70, "fields": {"action_time": "2023-07-10T10:19:53.107Z", "user": "a6b09beb-b48f-4c52-a25a-8fa337df2675", "content_type": 23, "object_id": "0e2a0636-290a-4d3d-acba-2c0654b687ed", "object_repr": "Megastore1 Demo | Instagram | Iphone-14", "action_flag": 1, "change_message": "[{\"added\": {}}]"}}, {"model": "admin.logentry", "pk": 71, "fields": {"action_time": "2023-07-10T10:20:06.563Z", "user": "a6b09beb-b48f-4c52-a25a-8fa337df2675", "content_type": 23, "object_id": "a7267e74-c8f7-43b6-a9c7-f90a7dcb33a6", "object_repr": "Megastore1 Demo | Instagram | Iphone-14", "action_flag": 1, "change_message": "[{\"added\": {}}]"}}, {"model": "admin.logentry", "pk": 72, "fields": {"action_time": "2023-07-10T10:20:16.324Z", "user": "a6b09beb-b48f-4c52-a25a-8fa337df2675", "content_type": 23, "object_id": "d145107c-29dc-4d34-a65f-9b9e2076bc85", "object_repr": "Megastore1 Demo | Instagram | Iphone-14", "action_flag": 1, "change_message": "[{\"added\": {}}]"}}, {"model": "admin.logentry", "pk": 73, "fields": {"action_time": "2023-07-10T10:20:33.266Z", "user": "a6b09beb-b48f-4c52-a25a-8fa337df2675", "content_type": 23, "object_id": "874e1951-faf2-43f0-bc3c-b4732918bb80", "object_repr": "Megastore1 Demo | Instagram | Iphone-14", "action_flag": 1, "change_message": "[{\"added\": {}}]"}}, {"model": "admin.logentry", "pk": 74, "fields": {"action_time": "2023-07-10T10:22:58.369Z", "user": "a6b09beb-b48f-4c52-a25a-8fa337df2675", "content_type": 19, "object_id": "0ef0f240-7671-4a7b-ae5b-375fe15329ed", "object_repr": "Bluetooth Speaker", "action_flag": 1, "change_message": "[{\"added\": {}}, {\"added\": {\"name\": \"Variant\", \"object\": \"Bluetooth Speaker | S - Size, Red - Color\"}}, {\"added\": {\"name\": \"Variant\", \"object\": \"Bluetooth Speaker | Red - Color, M - Size\"}}, {\"added\": {\"name\": \"Multiple Image\", \"object\": \"Bluetooth Speaker\"}}, {\"added\": {\"name\": \"Multiple Image\", \"object\": \"Bluetooth Speaker\"}}, {\"added\": {\"name\": \"Multiple Image\", \"object\": \"Bluetooth Speaker\"}}, {\"added\": {\"name\": \"Multiple Image\", \"object\": \"Bluetooth Speaker\"}}]"}}, {"model": "admin.logentry", "pk": 75, "fields": {"action_time": "2023-07-10T10:23:39.580Z", "user": "a6b09beb-b48f-4c52-a25a-8fa337df2675", "content_type": 23, "object_id": "cef2d660-0466-4255-99d0-aa600aa0ce54", "object_repr": "Megastore1 Demo | Instagram | Bluetooth Speaker | Red - Color, M - Size", "action_flag": 1, "change_message": "[{\"added\": {}}]"}}, {"model": "admin.logentry", "pk": 76, "fields": {"action_time": "2023-07-10T10:23:51.064Z", "user": "a6b09beb-b48f-4c52-a25a-8fa337df2675", "content_type": 23, "object_id": "3accdc81-9caf-4e4e-ba4d-cc3648f67b65", "object_repr": "Megastore1 Demo | Instagram | Bluetooth Speaker | S - Size, Red - Color", "action_flag": 1, "change_message": "[{\"added\": {}}]"}}, {"model": "admin.logentry", "pk": 77, "fields": {"action_time": "2023-07-10T10:57:21.112Z", "user": "a6b09beb-b48f-4c52-a25a-8fa337df2675", "content_type": 23, "object_id": "ed48390f-04d1-4c5e-94c0-f8a2455ac7a8", "object_repr": "Megastore1 Demo | Shop Banner | Iphone-14", "action_flag": 2, "change_message": "[{\"changed\": {\"fields\": [\"Image\"]}}]"}}, {"model": "admin.logentry", "pk": 78, "fields": {"action_time": "2023-07-10T10:57:29.805Z", "user": "a6b09beb-b48f-4c52-a25a-8fa337df2675", "content_type": 23, "object_id": "e6247483-469a-4df9-9247-f461016000b0", "object_repr": "Megastore1 Demo | Shop Banner | Iphone-14", "action_flag": 2, "change_message": "[{\"changed\": {\"fields\": [\"Image\"]}}]"}}, {"model": "admin.logentry", "pk": 79, "fields": {"action_time": "2023-07-10T10:57:35.420Z", "user": "a6b09beb-b48f-4c52-a25a-8fa337df2675", "content_type": 23, "object_id": "9b5474d9-a435-43be-bcb9-a36c427691a7", "object_repr": "Megastore1 Demo | Shop Banner | Iphone-14", "action_flag": 2, "change_message": "[{\"changed\": {\"fields\": [\"Image\"]}}]"}}, {"model": "admin.logentry", "pk": 80, "fields": {"action_time": "2023-07-10T10:57:55.498Z", "user": "a6b09beb-b48f-4c52-a25a-8fa337df2675", "content_type": 23, "object_id": "ed48390f-04d1-4c5e-94c0-f8a2455ac7a8", "object_repr": "Megastore1 Demo | Shop Banner | Iphone-14", "action_flag": 2, "change_message": "[{\"changed\": {\"fields\": [\"Image\"]}}]"}}, {"model": "admin.logentry", "pk": 81, "fields": {"action_time": "2023-07-10T11:21:04.895Z", "user": "a6b09beb-b48f-4c52-a25a-8fa337df2675", "content_type": 23, "object_id": "ed48390f-04d1-4c5e-94c0-f8a2455ac7a8", "object_repr": "Megastore1 Demo | Shop Banner | Iphone-14", "action_flag": 2, "change_message": "[{\"changed\": {\"fields\": [\"Image\"]}}]"}}, {"model": "admin.logentry", "pk": 82, "fields": {"action_time": "2023-07-10T11:21:56.506Z", "user": "a6b09beb-b48f-4c52-a25a-8fa337df2675", "content_type": 23, "object_id": "e6247483-469a-4df9-9247-f461016000b0", "object_repr": "Megastore1 Demo | Shop Banner | Iphone-14", "action_flag": 2, "change_message": "[{\"changed\": {\"fields\": [\"Image\"]}}]"}}, {"model": "admin.logentry", "pk": 83, "fields": {"action_time": "2023-07-10T11:22:11.045Z", "user": "a6b09beb-b48f-4c52-a25a-8fa337df2675", "content_type": 23, "object_id": "9b5474d9-a435-43be-bcb9-a36c427691a7", "object_repr": "Megastore1 Demo | Shop Banner | Iphone-14", "action_flag": 2, "change_message": "[{\"changed\": {\"fields\": [\"Image\"]}}]"}}, {"model": "admin.logentry", "pk": 84, "fields": {"action_time": "2023-07-10T11:25:25.704Z", "user": "a6b09beb-b48f-4c52-a25a-8fa337df2675", "content_type": 23, "object_id": "89fc8af6-91bc-478f-ae07-9335e281e18a", "object_repr": "Megastore1 Demo | Timer | Bluetooth Speaker | Red - Color, M - Size", "action_flag": 1, "change_message": "[{\"added\": {}}]"}}, {"model": "admin.logentry", "pk": 85, "fields": {"action_time": "2023-07-10T11:25:43.202Z", "user": "a6b09beb-b48f-4c52-a25a-8fa337df2675", "content_type": 23, "object_id": "5b974a9b-f3fd-4fce-9a50-508bc1188e3f", "object_repr": "Megastore1 Demo | Timer | Bluetooth Speaker | S - Size, Red - Color", "action_flag": 1, "change_message": "[{\"added\": {}}]"}}, {"model": "admin.logentry", "pk": 86, "fields": {"action_time": "2023-07-10T11:26:22.655Z", "user": "a6b09beb-b48f-4c52-a25a-8fa337df2675", "content_type": 23, "object_id": "27ebc88e-6bcc-4bf8-9674-650c66d8f364", "object_repr": "Megastore1 Demo | Timer | Iphone-14", "action_flag": 1, "change_message": "[{\"added\": {}}]"}}, {"model": "admin.logentry", "pk": 87, "fields": {"action_time": "2023-07-11T04:58:52.530Z", "user": "a6b09beb-b48f-4c52-a25a-8fa337df2675", "content_type": 15, "object_id": "7a2e176e-1cde-4895-87ed-c10355a5f6ae", "object_repr": "shirt", "action_flag": 1, "change_message": "[{\"added\": {}}]"}}, {"model": "admin.logentry", "pk": 88, "fields": {"action_time": "2023-07-11T04:58:58.501Z", "user": "a6b09beb-b48f-4c52-a25a-8fa337df2675", "content_type": 15, "object_id": "97836ab1-c5d4-4aa0-8d49-ba16076c644b", "object_repr": "ms2", "action_flag": 2, "change_message": "[]"}}, {"model": "admin.logentry", "pk": 89, "fields": {"action_time": "2023-07-11T05:05:09.800Z", "user": "a6b09beb-b48f-4c52-a25a-8fa337df2675", "content_type": 15, "object_id": "f19689d9-ed50-4a12-8dca-db30742827c3", "object_repr": "electronics2", "action_flag": 1, "change_message": "[{\"added\": {}}]"}}, {"model": "admin.logentry", "pk": 90, "fields": {"action_time": "2023-07-11T05:05:39.089Z", "user": "a6b09beb-b48f-4c52-a25a-8fa337df2675", "content_type": 11, "object_id": "cb122f18-1b1e-49cb-812b-1db2612d140c", "object_repr": "Canon", "action_flag": 1, "change_message": "[{\"added\": {}}]"}}, {"model": "admin.logentry", "pk": 91, "fields": {"action_time": "2023-07-11T05:05:42.555Z", "user": "a6b09beb-b48f-4c52-a25a-8fa337df2675", "content_type": 11, "object_id": "bae04853-d5af-4b51-8c47-13b2792ba841", "object_repr": "Nikon", "action_flag": 1, "change_message": "[{\"added\": {}}]"}}, {"model": "admin.logentry", "pk": 92, "fields": {"action_time": "2023-07-11T05:06:56.801Z", "user": "a6b09beb-b48f-4c52-a25a-8fa337df2675", "content_type": 19, "object_id": "2821bc56-d7e9-402d-8561-b4d0d3480731", "object_repr": "Camera", "action_flag": 1, "change_message": "[{\"added\": {}}, {\"added\": {\"name\": \"Variant\", \"object\": \"Camera\"}}, {\"added\": {\"name\": \"Multiple Image\", \"object\": \"Camera\"}}, {\"added\": {\"name\": \"Multiple Image\", \"object\": \"Camera\"}}, {\"added\": {\"name\": \"Multiple Image\", \"object\": \"Camera\"}}]"}}, {"model": "admin.logentry", "pk": 93, "fields": {"action_time": "2023-07-11T05:09:42.907Z", "user": "a6b09beb-b48f-4c52-a25a-8fa337df2675", "content_type": 23, "object_id": "ff5eb273-e842-43b5-87a4-8f47f71a8f88", "object_repr": "Megastore2 Demo | Slider | Fancy Jacket", "action_flag": 2, "change_message": "[{\"changed\": {\"fields\": [\"Image\"]}}]"}}, {"model": "admin.logentry", "pk": 94, "fields": {"action_time": "2023-07-11T05:10:08.367Z", "user": "a6b09beb-b48f-4c52-a25a-8fa337df2675", "content_type": 23, "object_id": "95c316ea-5542-4824-afc9-9a6d326da61e", "object_repr": "Megastore2 Demo | Slider | Camera", "action_flag": 1, "change_message": "[{\"added\": {}}]"}}, {"model": "admin.logentry", "pk": 95, "fields": {"action_time": "2023-07-11T05:10:20.126Z", "user": "a6b09beb-b48f-4c52-a25a-8fa337df2675", "content_type": 23, "object_id": "c846843d-ba40-4690-b267-4873b4c7d8ea", "object_repr": "Megastore2 Demo | Slider | Camera", "action_flag": 1, "change_message": "[{\"added\": {}}]"}}, {"model": "admin.logentry", "pk": 96, "fields": {"action_time": "2023-07-11T05:11:57.721Z", "user": "a6b09beb-b48f-4c52-a25a-8fa337df2675", "content_type": 23, "object_id": "3a37751a-6770-4faf-9779-918ef9a55833", "object_repr": "Megastore2 Demo | Banner | Fancy Jacket", "action_flag": 2, "change_message": "[{\"changed\": {\"fields\": [\"Image\"]}}]"}}, {"model": "admin.logentry", "pk": 97, "fields": {"action_time": "2023-07-11T05:12:11.826Z", "user": "a6b09beb-b48f-4c52-a25a-8fa337df2675", "content_type": 23, "object_id": "c6dea0e1-4425-47f6-b3d3-55ee40144c17", "object_repr": "Megastore2 Demo | Banner | Fancy Jacket", "action_flag": 2, "change_message": "[{\"changed\": {\"fields\": [\"Image\"]}}]"}}, {"model": "admin.logentry", "pk": 98, "fields": {"action_time": "2023-07-11T05:12:34.195Z", "user": "a6b09beb-b48f-4c52-a25a-8fa337df2675", "content_type": 23, "object_id": "68442b71-e11c-462d-80e3-7ed5ddfbcd4b", "object_repr": "Megastore2 Demo | Banner | Bluetooth Speaker | Red - Color, M - Size", "action_flag": 1, "change_message": "[{\"added\": {}}]"}}, {"model": "admin.logentry", "pk": 99, "fields": {"action_time": "2023-07-11T05:13:11.565Z", "user": "a6b09beb-b48f-4c52-a25a-8fa337df2675", "content_type": 23, "object_id": "68442b71-e11c-462d-80e3-7ed5ddfbcd4b", "object_repr": "Megastore2 Demo | Banner | Bluetooth Speaker | Red - Color, M - Size", "action_flag": 3, "change_message": ""}}, {"model": "admin.logentry", "pk": 100, "fields": {"action_time": "2023-07-11T05:27:20.736Z", "user": "a6b09beb-b48f-4c52-a25a-8fa337df2675", "content_type": 24, "object_id": "895be818-6d6b-448f-a273-81cf12297d9e", "object_repr": "Sidebanner", "action_flag": 1, "change_message": "[{\"added\": {}}]"}}, {"model": "admin.logentry", "pk": 101, "fields": {"action_time": "2023-07-11T05:27:25.528Z", "user": "a6b09beb-b48f-4c52-a25a-8fa337df2675", "content_type": 24, "object_id": "3e2761de-a537-497a-b524-006d41809551", "object_repr": "Sideslider", "action_flag": 1, "change_message": "[{\"added\": {}}]"}}, {"model": "admin.logentry", "pk": 102, "fields": {"action_time": "2023-07-11T05:27:59.963Z", "user": "a6b09beb-b48f-4c52-a25a-8fa337df2675", "content_type": 23, "object_id": "9118caf1-e219-460c-93f8-18a10952127f", "object_repr": "Megastore2 Demo | Sideslider | Camera", "action_flag": 1, "change_message": "[{\"added\": {}}]"}}, {"model": "admin.logentry", "pk": 103, "fields": {"action_time": "2023-07-11T05:29:34.393Z", "user": "a6b09beb-b48f-4c52-a25a-8fa337df2675", "content_type": 23, "object_id": "df1d230b-9fb7-45ff-8e78-fe72b07e2e2e", "object_repr": "Megastore2 Demo | Sidebanner | Bluetooth Speaker | Red - Color, M - Size", "action_flag": 1, "change_message": "[{\"added\": {}}]"}}, {"model": "admin.logentry", "pk": 104, "fields": {"action_time": "2023-07-11T05:56:18.871Z", "user": "a6b09beb-b48f-4c52-a25a-8fa337df2675", "content_type": 23, "object_id": "eb833209-f7bb-461c-8af8-c9d76f023aaf", "object_repr": "Megastore2 Demo | Timer | Camera", "action_flag": 1, "change_message": "[{\"added\": {}}]"}}, {"model": "admin.logentry", "pk": 105, "fields": {"action_time": "2023-07-11T05:56:35.595Z", "user": "a6b09beb-b48f-4c52-a25a-8fa337df2675", "content_type": 23, "object_id": "4c9a4cd2-38ce-45da-b567-5ad34dc3f64a", "object_repr": "Megastore2 Demo | Timer | Bluetooth Speaker | Red - Color, M - Size", "action_flag": 1, "change_message": "[{\"added\": {}}]"}}, {"model": "admin.logentry", "pk": 106, "fields": {"action_time": "2023-07-11T05:56:43.362Z", "user": "a6b09beb-b48f-4c52-a25a-8fa337df2675", "content_type": 23, "object_id": "6dcad5ec-20ce-4b89-976c-64b749017c7d", "object_repr": "Megastore2 Demo | Timer | Bluetooth Speaker | S - Size, Red - Color", "action_flag": 1, "change_message": "[{\"added\": {}}]"}}, {"model": "admin.logentry", "pk": 107, "fields": {"action_time": "2023-07-11T06:03:49.432Z", "user": "a6b09beb-b48f-4c52-a25a-8fa337df2675", "content_type": 24, "object_id": "24a223c1-575f-4d95-86f0-d03dd533e62a", "object_repr": "Media banner", "action_flag": 1, "change_message": "[{\"added\": {}}]"}}, {"model": "admin.logentry", "pk": 108, "fields": {"action_time": "2023-07-11T06:03:56.906Z", "user": "a6b09beb-b48f-4c52-a25a-8fa337df2675", "content_type": 24, "object_id": "24a223c1-575f-4d95-86f0-d03dd533e62a", "object_repr": "Media Banner", "action_flag": 2, "change_message": "[{\"changed\": {\"fields\": [\"Name\"]}}]"}}, {"model": "admin.logentry", "pk": 109, "fields": {"action_time": "2023-07-11T06:05:02.543Z", "user": "a6b09beb-b48f-4c52-a25a-8fa337df2675", "content_type": 23, "object_id": "8e0da977-ed01-4511-b11f-a49594130099", "object_repr": "Megastore2 Demo | Media Banner | Camera", "action_flag": 1, "change_message": "[{\"added\": {}}]"}}, {"model": "admin.logentry", "pk": 110, "fields": {"action_time": "2023-07-11T06:05:12.277Z", "user": "a6b09beb-b48f-4c52-a25a-8fa337df2675", "content_type": 23, "object_id": "6a1ec9c2-14a3-4fd5-bcb0-02f3085627c9", "object_repr": "Megastore2 Demo | Media Banner | Bluetooth Speaker | Red - Color, M - Size", "action_flag": 1, "change_message": "[{\"added\": {}}]"}}, {"model": "admin.logentry", "pk": 111, "fields": {"action_time": "2023-07-11T06:05:21.741Z", "user": "a6b09beb-b48f-4c52-a25a-8fa337df2675", "content_type": 23, "object_id": "3b2a7f40-3bae-4f97-a470-ad84e7824948", "object_repr": "Megastore2 Demo | Media Banner | Camera", "action_flag": 1, "change_message": "[{\"added\": {}}]"}}, {"model": "admin.logentry", "pk": 112, "fields": {"action_time": "2023-07-11T06:05:33.314Z", "user": "a6b09beb-b48f-4c52-a25a-8fa337df2675", "content_type": 23, "object_id": "d2bde26a-9c96-4f38-8570-4bda72e0a4ad", "object_repr": "Megastore2 Demo | Media Banner | Bluetooth Speaker | Red - Color, M - Size", "action_flag": 1, "change_message": "[{\"added\": {}}]"}}, {"model": "admin.logentry", "pk": 113, "fields": {"action_time": "2023-07-11T06:06:08.675Z", "user": "a6b09beb-b48f-4c52-a25a-8fa337df2675", "content_type": 23, "object_id": "3b2a7f40-3bae-4f97-a470-ad84e7824948", "object_repr": "Megastore2 Demo | Media Banner | Camera", "action_flag": 2, "change_message": "[{\"changed\": {\"fields\": [\"Title One\"]}}]"}}, {"model": "admin.logentry", "pk": 114, "fields": {"action_time": "2023-07-11T06:18:25.010Z", "user": "a6b09beb-b48f-4c52-a25a-8fa337df2675", "content_type": 24, "object_id": "1757559b-0394-4d46-89a9-3f369cae29de", "object_repr": "Jewellery Banner", "action_flag": 1, "change_message": "[{\"added\": {}}]"}}, {"model": "admin.logentry", "pk": 115, "fields": {"action_time": "2023-07-11T06:19:08.261Z", "user": "a6b09beb-b48f-4c52-a25a-8fa337df2675", "content_type": 23, "object_id": "f1053b43-348d-4efd-a306-17d8f15d3df6", "object_repr": "Megastore2 Demo | Jewellery Banner | Camera", "action_flag": 1, "change_message": "[{\"added\": {}}]"}}, {"model": "admin.logentry", "pk": 116, "fields": {"action_time": "2023-07-11T06:24:22.536Z", "user": "a6b09beb-b48f-4c52-a25a-8fa337df2675", "content_type": 23, "object_id": "104450e8-ed57-47b1-91a8-23f77b5e3be3", "object_repr": "Megastore2 Demo | Shop Banner | Camera", "action_flag": 1, "change_message": "[{\"added\": {}}]"}}, {"model": "admin.logentry", "pk": 117, "fields": {"action_time": "2023-07-11T06:24:33.129Z", "user": "a6b09beb-b48f-4c52-a25a-8fa337df2675", "content_type": 23, "object_id": "78944810-09c4-4d89-b004-1408542fa467", "object_repr": "Megastore2 Demo | Shop Banner | Bluetooth Speaker | Red - Color, M - Size", "action_flag": 1, "change_message": "[{\"added\": {}}]"}}, {"model": "admin.logentry", "pk": 118, "fields": {"action_time": "2023-07-11T06:24:48.389Z", "user": "a6b09beb-b48f-4c52-a25a-8fa337df2675", "content_type": 23, "object_id": "248dd107-4731-47db-85e8-632b2d0a1058", "object_repr": "Megastore2 Demo | Shop Banner | Camera", "action_flag": 1, "change_message": "[{\"added\": {}}]"}}, {"model": "admin.logentry", "pk": 119, "fields": {"action_time": "2023-07-11T08:40:06.014Z", "user": "a6b09beb-b48f-4c52-a25a-8fa337df2675", "content_type": 29, "object_id": "70ff940f-d5cd-4c8c-a55f-4f8e22bf19ae", "object_repr": "Electronics", "action_flag": 1, "change_message": "[{\"added\": {}}]"}}, {"model": "admin.logentry", "pk": 120, "fields": {"action_time": "2023-07-11T08:40:31.885Z", "user": "a6b09beb-b48f-4c52-a25a-8fa337df2675", "content_type": 29, "object_id": "a64f9fb3-2848-4a44-bab8-1473051cd084", "object_repr": "Mug", "action_flag": 1, "change_message": "[{\"added\": {}}]"}}, {"model": "admin.logentry", "pk": 121, "fields": {"action_time": "2023-07-11T08:40:38.987Z", "user": "a6b09beb-b48f-4c52-a25a-8fa337df2675", "content_type": 29, "object_id": "b5ba1d60-bdf8-406f-8876-b21b07ade1d4", "object_repr": "Books", "action_flag": 1, "change_message": "[{\"added\": {}}]"}}, {"model": "admin.logentry", "pk": 122, "fields": {"action_time": "2023-07-11T08:43:20.351Z", "user": "a6b09beb-b48f-4c52-a25a-8fa337df2675", "content_type": 28, "object_id": "cca43a1f-848d-42cd-85d4-1a9b2e6660f8", "object_repr": "All types laptop", "action_flag": 1, "change_message": "[{\"added\": {}}]"}}, {"model": "admin.logentry", "pk": 123, "fields": {"action_time": "2023-07-11T08:44:49.493Z", "user": "a6b09beb-b48f-4c52-a25a-8fa337df2675", "content_type": 28, "object_id": "e9927edb-4b56-4edc-b51b-28b9624d6f07", "object_repr": "Five point someone", "action_flag": 1, "change_message": "[{\"added\": {}}]"}}, {"model": "admin.logentry", "pk": 124, "fields": {"action_time": "2023-07-11T08:46:06.282Z", "user": "a6b09beb-b48f-4c52-a25a-8fa337df2675", "content_type": 28, "object_id": "8f5d0e5a-b1ff-44c5-9ab4-60accb883330", "object_repr": "Drinkware", "action_flag": 1, "change_message": "[{\"added\": {}}]"}}, {"model": "admin.logentry", "pk": 125, "fields": {"action_time": "2023-07-11T09:01:59.667Z", "user": "a6b09beb-b48f-4c52-a25a-8fa337df2675", "content_type": 29, "object_id": "aa1cf528-fb71-4b53-a567-2f8a10438234", "object_repr": "layout2", "action_flag": 1, "change_message": "[{\"added\": {}}]"}}, {"model": "admin.logentry", "pk": 126, "fields": {"action_time": "2023-07-11T09:02:07.853Z", "user": "a6b09beb-b48f-4c52-a25a-8fa337df2675", "content_type": 29, "object_id": "b5ba1d60-bdf8-406f-8876-b21b07ade1d4", "object_repr": "Books", "action_flag": 3, "change_message": ""}}, {"model": "admin.logentry", "pk": 127, "fields": {"action_time": "2023-07-11T09:02:07.855Z", "user": "a6b09beb-b48f-4c52-a25a-8fa337df2675", "content_type": 29, "object_id": "a64f9fb3-2848-4a44-bab8-1473051cd084", "object_repr": "Mug", "action_flag": 3, "change_message": ""}}, {"model": "admin.logentry", "pk": 128, "fields": {"action_time": "2023-07-11T09:02:07.857Z", "user": "a6b09beb-b48f-4c52-a25a-8fa337df2675", "content_type": 29, "object_id": "70ff940f-d5cd-4c8c-a55f-4f8e22bf19ae", "object_repr": "Electronics", "action_flag": 3, "change_message": ""}}, {"model": "admin.logentry", "pk": 129, "fields": {"action_time": "2023-07-11T09:07:06.641Z", "user": "a6b09beb-b48f-4c52-a25a-8fa337df2675", "content_type": 28, "object_id": "478d71f2-3a27-4bfd-a02f-cfca0d17c3b7", "object_repr": "Five point someone", "action_flag": 1, "change_message": "[{\"added\": {}}]"}}, {"model": "admin.logentry", "pk": 130, "fields": {"action_time": "2023-07-11T09:07:35.388Z", "user": "a6b09beb-b48f-4c52-a25a-8fa337df2675", "content_type": 28, "object_id": "f3256440-43d5-4523-8833-24efbb22b8d7", "object_repr": "Author", "action_flag": 1, "change_message": "[{\"added\": {}}]"}}, {"model": "admin.logentry", "pk": 131, "fields": {"action_time": "2023-07-11T09:08:44.058Z", "user": "a6b09beb-b48f-4c52-a25a-8fa337df2675", "content_type": 28, "object_id": "b1477709-da42-492d-abef-bd4276dd744d", "object_repr": "Computer", "action_flag": 1, "change_message": "[{\"added\": {}}]"}}, {"model": "admin.logentry", "pk": 132, "fields": {"action_time": "2023-07-11T09:35:05.744Z", "user": "a6b09beb-b48f-4c52-a25a-8fa337df2675", "content_type": 23, "object_id": "4a21d839-2a6f-4daf-9085-2b051bf0acc4", "object_repr": "Megastore2 Demo | Instagram | Camera", "action_flag": 1, "change_message": "[{\"added\": {}}]"}}, {"model": "admin.logentry", "pk": 133, "fields": {"action_time": "2023-07-11T09:35:13.687Z", "user": "a6b09beb-b48f-4c52-a25a-8fa337df2675", "content_type": 23, "object_id": "b842588f-6cb7-4286-a8c4-e60c964cd3b3", "object_repr": "Megastore2 Demo | Instagram | Bluetooth Speaker | Red - Color, M - Size", "action_flag": 1, "change_message": "[{\"added\": {}}]"}}, {"model": "admin.logentry", "pk": 134, "fields": {"action_time": "2023-07-11T09:35:25.399Z", "user": "a6b09beb-b48f-4c52-a25a-8fa337df2675", "content_type": 23, "object_id": "e7c7a9b4-f1ea-41f0-a7b8-7ed9091a9c1f", "object_repr": "Megastore2 Demo | Instagram | Bluetooth Speaker | S - Size, Red - Color", "action_flag": 1, "change_message": "[{\"added\": {}}]"}}, {"model": "admin.logentry", "pk": 135, "fields": {"action_time": "2023-07-11T09:35:44.657Z", "user": "a6b09beb-b48f-4c52-a25a-8fa337df2675", "content_type": 23, "object_id": "ba8c3177-b889-4852-910c-730b663a4554", "object_repr": "Megastore2 Demo | Instagram | Camera", "action_flag": 1, "change_message": "[{\"added\": {}}]"}}, {"model": "admin.logentry", "pk": 136, "fields": {"action_time": "2023-07-11T09:36:03.695Z", "user": "a6b09beb-b48f-4c52-a25a-8fa337df2675", "content_type": 23, "object_id": "1f2f762f-cadc-4ef6-b90c-85dbabd23144", "object_repr": "Megastore2 Demo | Instagram | Bluetooth Speaker | Red - Color, M - Size", "action_flag": 1, "change_message": "[{\"added\": {}}]"}}, {"model": "admin.logentry", "pk": 137, "fields": {"action_time": "2023-07-11T09:36:29.395Z", "user": "a6b09beb-b48f-4c52-a25a-8fa337df2675", "content_type": 23, "object_id": "934fe2b1-8700-4617-8917-6207af8abad1", "object_repr": "Megastore2 Demo | Instagram | Bluetooth Speaker | S - Size, Red - Color", "action_flag": 1, "change_message": "[{\"added\": {}}]"}}, {"model": "admin.logentry", "pk": 138, "fields": {"action_time": "2023-07-11T09:48:18.314Z", "user": "a6b09beb-b48f-4c52-a25a-8fa337df2675", "content_type": 23, "object_id": "e7c7a9b4-f1ea-41f0-a7b8-7ed9091a9c1f", "object_repr": "Megastore2 Demo | Instagram | Bluetooth Speaker | S - Size, Red - Color", "action_flag": 2, "change_message": "[{\"changed\": {\"fields\": [\"Image\", \"Optional Image\"]}}]"}}, {"model": "admin.logentry", "pk": 139, "fields": {"action_time": "2023-07-11T09:49:02.343Z", "user": "a6b09beb-b48f-4c52-a25a-8fa337df2675", "content_type": 23, "object_id": "ba8c3177-b889-4852-910c-730b663a4554", "object_repr": "Megastore2 Demo | Instagram | Camera", "action_flag": 2, "change_message": "[{\"changed\": {\"fields\": [\"Image\", \"Optional Image\"]}}]"}}, {"model": "admin.logentry", "pk": 140, "fields": {"action_time": "2023-07-11T09:49:17.932Z", "user": "a6b09beb-b48f-4c52-a25a-8fa337df2675", "content_type": 23, "object_id": "b842588f-6cb7-4286-a8c4-e60c964cd3b3", "object_repr": "Megastore2 Demo | Instagram | Bluetooth Speaker | Red - Color, M - Size", "action_flag": 2, "change_message": "[{\"changed\": {\"fields\": [\"Image\", \"Optional Image\"]}}]"}}, {"model": "admin.logentry", "pk": 141, "fields": {"action_time": "2023-07-11T09:49:31.762Z", "user": "a6b09beb-b48f-4c52-a25a-8fa337df2675", "content_type": 23, "object_id": "934fe2b1-8700-4617-8917-6207af8abad1", "object_repr": "Megastore2 Demo | Instagram | Bluetooth Speaker | S - Size, Red - Color", "action_flag": 2, "change_message": "[{\"changed\": {\"fields\": [\"Image\", \"Optional Image\"]}}]"}}, {"model": "admin.logentry", "pk": 142, "fields": {"action_time": "2023-07-11T09:49:44.099Z", "user": "a6b09beb-b48f-4c52-a25a-8fa337df2675", "content_type": 23, "object_id": "4a21d839-2a6f-4daf-9085-2b051bf0acc4", "object_repr": "Megastore2 Demo | Instagram | Camera", "action_flag": 2, "change_message": "[{\"changed\": {\"fields\": [\"Image\", \"Optional Image\"]}}]"}}, {"model": "admin.logentry", "pk": 143, "fields": {"action_time": "2023-07-11T09:49:53.265Z", "user": "a6b09beb-b48f-4c52-a25a-8fa337df2675", "content_type": 23, "object_id": "1f2f762f-cadc-4ef6-b90c-85dbabd23144", "object_repr": "Megastore2 Demo | Instagram | Bluetooth Speaker | Red - Color, M - Size", "action_flag": 2, "change_message": "[{\"changed\": {\"fields\": [\"Image\", \"Optional Image\"]}}]"}}, {"model": "admin.logentry", "pk": 144, "fields": {"action_time": "2023-07-11T10:09:33.972Z", "user": "a6b09beb-b48f-4c52-a25a-8fa337df2675", "content_type": 28, "object_id": "f3256440-43d5-4523-8833-24efbb22b8d7", "object_repr": "Author", "action_flag": 2, "change_message": "[{\"changed\": {\"fields\": [\"Description\"]}}]"}}, {"model": "admin.logentry", "pk": 145, "fields": {"action_time": "2023-07-11T10:09:42.644Z", "user": "a6b09beb-b48f-4c52-a25a-8fa337df2675", "content_type": 28, "object_id": "478d71f2-3a27-4bfd-a02f-cfca0d17c3b7", "object_repr": "Five point someone", "action_flag": 2, "change_message": "[{\"changed\": {\"fields\": [\"Description\"]}}]"}}, {"model": "admin.logentry", "pk": 146, "fields": {"action_time": "2023-07-11T10:12:47.571Z", "user": "a6b09beb-b48f-4c52-a25a-8fa337df2675", "content_type": 24, "object_id": "0f88fd02-9fc3-442e-adf2-3a2329809d9f", "object_repr": "Collection Banner", "action_flag": 1, "change_message": "[{\"added\": {}}]"}}, {"model": "admin.logentry", "pk": 147, "fields": {"action_time": "2023-07-11T10:17:31.029Z", "user": "a6b09beb-b48f-4c52-a25a-8fa337df2675", "content_type": 23, "object_id": "c118235b-043c-455e-b2ee-6b1e541752bb", "object_repr": "Megastore2 Demo | Collection Banner | Camera", "action_flag": 1, "change_message": "[{\"added\": {}}]"}}, {"model": "admin.logentry", "pk": 148, "fields": {"action_time": "2023-07-11T10:21:46.947Z", "user": "a6b09beb-b48f-4c52-a25a-8fa337df2675", "content_type": 23, "object_id": "c118235b-043c-455e-b2ee-6b1e541752bb", "object_repr": "Megastore1 Demo | Collection Banner | Camera", "action_flag": 2, "change_message": "[{\"changed\": {\"fields\": [\"Theme\"]}}]"}}, {"model": "admin.logentry", "pk": 149, "fields": {"action_time": "2023-07-11T10:22:13.762Z", "user": "a6b09beb-b48f-4c52-a25a-8fa337df2675", "content_type": 23, "object_id": "1c5bd003-034e-42c7-a05c-ba6c7763bad3", "object_repr": "Megastore1 Demo | Collection Banner | Bluetooth Speaker | Red - Color, M - Size", "action_flag": 1, "change_message": "[{\"added\": {}}]"}}, {"model": "admin.logentry", "pk": 150, "fields": {"action_time": "2023-07-11T10:22:31.230Z", "user": "a6b09beb-b48f-4c52-a25a-8fa337df2675", "content_type": 23, "object_id": "1c5bd003-034e-42c7-a05c-ba6c7763bad3", "object_repr": "Megastore1 Demo | Collection Banner | Bluetooth Speaker | Red - Color, M - Size", "action_flag": 3, "change_message": ""}}, {"model": "admin.logentry", "pk": 151, "fields": {"action_time": "2023-07-11T10:29:29.955Z", "user": "a6b09beb-b48f-4c52-a25a-8fa337df2675", "content_type": 23, "object_id": "e4aa62c9-3624-4581-8b17-e22817197e0d", "object_repr": "Megastore1 Demo | Collection Banner | Bluetooth Speaker | Red - Color, M - Size", "action_flag": 1, "change_message": "[{\"added\": {}}]"}}, {"model": "admin.logentry", "pk": 152, "fields": {"action_time": "2023-07-12T10:11:51.075Z", "user": "a6b09beb-b48f-4c52-a25a-8fa337df2675", "content_type": 11, "object_id": "0dc92a17-fdb9-469a-8a12-84afa9b04970", "object_repr": "Gucci", "action_flag": 1, "change_message": "[{\"added\": {}}]"}}, {"model": "admin.logentry", "pk": 153, "fields": {"action_time": "2023-07-12T10:11:58.148Z", "user": "a6b09beb-b48f-4c52-a25a-8fa337df2675", "content_type": 11, "object_id": "54b8803e-f6e8-495b-b693-4c72da68f630", "object_repr": "Louis Vuition", "action_flag": 1, "change_message": "[{\"added\": {}}]"}}, {"model": "admin.logentry", "pk": 154, "fields": {"action_time": "2023-07-12T10:12:32.006Z", "user": "a6b09beb-b48f-4c52-a25a-8fa337df2675", "content_type": 15, "object_id": "fdfdc50f-e4a4-42fb-a29b-9a7930e78f16", "object_repr": "wallet", "action_flag": 1, "change_message": "[{\"added\": {}}]"}}, {"model": "admin.logentry", "pk": 155, "fields": {"action_time": "2023-07-12T10:12:40.618Z", "user": "a6b09beb-b48f-4c52-a25a-8fa337df2675", "content_type": 15, "object_id": "5c6fd217-5902-4000-8183-fd4ffa180409", "object_repr": "camera", "action_flag": 1, "change_message": "[{\"added\": {}}]"}}, {"model": "admin.logentry", "pk": 156, "fields": {"action_time": "2023-07-12T10:13:32.344Z", "user": "a6b09beb-b48f-4c52-a25a-8fa337df2675", "content_type": 19, "object_id": "77092b66-4309-4bd3-9f1a-104186d35fc4", "object_repr": "Leather Bag", "action_flag": 1, "change_message": "[{\"added\": {}}, {\"added\": {\"name\": \"Variant\", \"object\": \"Leather Bag\"}}, {\"added\": {\"name\": \"Multiple Image\", \"object\": \"Leather Bag\"}}, {\"added\": {\"name\": \"Multiple Image\", \"object\": \"Leather Bag\"}}, {\"added\": {\"name\": \"Multiple Image\", \"object\": \"Leather Bag\"}}, {\"added\": {\"name\": \"Multiple Image\", \"object\": \"Leather Bag\"}}]"}}, {"model": "admin.logentry", "pk": 157, "fields": {"action_time": "2023-07-12T10:14:24.643Z", "user": "a6b09beb-b48f-4c52-a25a-8fa337df2675", "content_type": 19, "object_id": "0165ca8e-bc93-4713-9cdb-6712f44249d6", "object_repr": "Digital camera", "action_flag": 1, "change_message": "[{\"added\": {}}, {\"added\": {\"name\": \"Variant\", \"object\": \"Digital camera\"}}, {\"added\": {\"name\": \"Multiple Image\", \"object\": \"Digital camera\"}}, {\"added\": {\"name\": \"Multiple Image\", \"object\": \"Digital camera\"}}, {\"added\": {\"name\": \"Multiple Image\", \"object\": \"Digital camera\"}}, {\"added\": {\"name\": \"Multiple Image\", \"object\": \"Digital camera\"}}]"}}, {"model": "admin.logentry", "pk": 158, "fields": {"action_time": "2023-07-12T10:16:53.927Z", "user": "a6b09beb-b48f-4c52-a25a-8fa337df2675", "content_type": 23, "object_id": "725bdf01-1184-4bfd-b628-a8473d583ca3", "object_repr": "Megastore3 Demo | Slider | Digital camera", "action_flag": 1, "change_message": "[{\"added\": {}}]"}}, {"model": "admin.logentry", "pk": 159, "fields": {"action_time": "2023-07-12T10:17:18.473Z", "user": "a6b09beb-b48f-4c52-a25a-8fa337df2675", "content_type": 23, "object_id": "7a5ef63f-91f6-494d-ad9d-662195941485", "object_repr": "Megastore3 Demo | Slider | Leather Bag", "action_flag": 1, "change_message": "[{\"added\": {}}]"}}, {"model": "admin.logentry", "pk": 160, "fields": {"action_time": "2023-07-12T10:33:22.363Z", "user": "a6b09beb-b48f-4c52-a25a-8fa337df2675", "content_type": 23, "object_id": "bc4093e5-e38c-47a3-bf6f-49855d64877e", "object_repr": "Megastore3 Demo | Media Banner | Digital camera", "action_flag": 1, "change_message": "[{\"added\": {}}]"}}, {"model": "admin.logentry", "pk": 161, "fields": {"action_time": "2023-07-12T10:33:33.421Z", "user": "a6b09beb-b48f-4c52-a25a-8fa337df2675", "content_type": 23, "object_id": "cd34b591-7480-47f3-a332-2893e14ae626", "object_repr": "Megastore3 Demo | Media Banner | Leather Bag", "action_flag": 1, "change_message": "[{\"added\": {}}]"}}, {"model": "admin.logentry", "pk": 162, "fields": {"action_time": "2023-07-12T10:33:46.675Z", "user": "a6b09beb-b48f-4c52-a25a-8fa337df2675", "content_type": 23, "object_id": "e8fa4f5c-181d-4fc9-8f1f-73e5fde71839", "object_repr": "Megastore3 Demo | Media Banner | Digital camera", "action_flag": 1, "change_message": "[{\"added\": {}}]"}}, {"model": "admin.logentry", "pk": 163, "fields": {"action_time": "2023-07-12T10:33:56.398Z", "user": "a6b09beb-b48f-4c52-a25a-8fa337df2675", "content_type": 23, "object_id": "616aaa62-16c2-4694-afc5-7ec3d6dfa909", "object_repr": "Megastore3 Demo | Media Banner | Leather Bag", "action_flag": 1, "change_message": "[{\"added\": {}}]"}}, {"model": "admin.logentry", "pk": 164, "fields": {"action_time": "2023-07-12T10:34:09.309Z", "user": "a6b09beb-b48f-4c52-a25a-8fa337df2675", "content_type": 23, "object_id": "2c606e73-44e1-405e-9daa-19ab15e0778f", "object_repr": "Megastore3 Demo | Media Banner | Digital camera", "action_flag": 1, "change_message": "[{\"added\": {}}]"}}, {"model": "admin.logentry", "pk": 165, "fields": {"action_time": "2023-07-12T10:34:20.909Z", "user": "a6b09beb-b48f-4c52-a25a-8fa337df2675", "content_type": 23, "object_id": "bb36a284-b54d-40a8-9c6d-849d97d6956e", "object_repr": "Megastore3 Demo | Media Banner | Leather Bag", "action_flag": 1, "change_message": "[{\"added\": {}}]"}}, {"model": "admin.logentry", "pk": 166, "fields": {"action_time": "2023-07-12T10:43:16.455Z", "user": "a6b09beb-b48f-4c52-a25a-8fa337df2675", "content_type": 23, "object_id": "3f7bbd35-7e0a-4d6d-bb36-fa77f6ed21d6", "object_repr": "Megastore3 Demo | Timer | Digital camera", "action_flag": 1, "change_message": "[{\"added\": {}}]"}}, {"model": "admin.logentry", "pk": 167, "fields": {"action_time": "2023-07-12T10:43:37.327Z", "user": "a6b09beb-b48f-4c52-a25a-8fa337df2675", "content_type": 23, "object_id": "e074af5d-2218-4e33-b1e5-0bf276f68cf5", "object_repr": "Megastore3 Demo | Timer | Leather Bag", "action_flag": 1, "change_message": "[{\"added\": {}}]"}}, {"model": "admin.logentry", "pk": 168, "fields": {"action_time": "2023-07-12T10:43:49.631Z", "user": "a6b09beb-b48f-4c52-a25a-8fa337df2675", "content_type": 23, "object_id": "dce7bdec-f785-4a90-93d8-5d5a3cf88238", "object_repr": "Megastore3 Demo | Timer | Digital camera", "action_flag": 1, "change_message": "[{\"added\": {}}]"}}, {"model": "admin.logentry", "pk": 169, "fields": {"action_time": "2023-07-12T10:48:57.861Z", "user": "a6b09beb-b48f-4c52-a25a-8fa337df2675", "content_type": 23, "object_id": "57a52b16-f3ae-4eed-9e60-569e51e88fec", "object_repr": "Megastore3 Demo | Collection Banner | Digital camera", "action_flag": 1, "change_message": "[{\"added\": {}}]"}}, {"model": "admin.logentry", "pk": 170, "fields": {"action_time": "2023-07-12T10:49:08.395Z", "user": "a6b09beb-b48f-4c52-a25a-8fa337df2675", "content_type": 23, "object_id": "04721ae4-b101-4517-aed3-c6d2f7404ff5", "object_repr": "Megastore3 Demo | Collection Banner | Leather Bag", "action_flag": 1, "change_message": "[{\"added\": {}}]"}}, {"model": "admin.logentry", "pk": 171, "fields": {"action_time": "2023-07-12T11:21:46.337Z", "user": "a6b09beb-b48f-4c52-a25a-8fa337df2675", "content_type": 23, "object_id": "4a9aa6d3-42ed-43ab-8166-7b05dde40f5a", "object_repr": "Megastore3 Demo | Instagram | Digital camera", "action_flag": 1, "change_message": "[{\"added\": {}}]"}}, {"model": "admin.logentry", "pk": 172, "fields": {"action_time": "2023-07-12T11:21:53.883Z", "user": "a6b09beb-b48f-4c52-a25a-8fa337df2675", "content_type": 23, "object_id": "0ce74d32-2012-4a19-8737-9f06e8e0b02c", "object_repr": "Megastore3 Demo | Instagram | Leather Bag", "action_flag": 1, "change_message": "[{\"added\": {}}]"}}, {"model": "admin.logentry", "pk": 173, "fields": {"action_time": "2023-07-12T11:22:28.046Z", "user": "a6b09beb-b48f-4c52-a25a-8fa337df2675", "content_type": 23, "object_id": "d7cb6a14-c904-4366-97d0-c942a0de0546", "object_repr": "Megastore3 Demo | Instagram | Leather Bag", "action_flag": 1, "change_message": "[{\"added\": {}}]"}}, {"model": "admin.logentry", "pk": 174, "fields": {"action_time": "2023-07-12T11:22:44.230Z", "user": "a6b09beb-b48f-4c52-a25a-8fa337df2675", "content_type": 23, "object_id": "ec9ffcc8-9247-449a-b958-4790935a3c90", "object_repr": "Megastore3 Demo | Instagram | Camera", "action_flag": 1, "change_message": "[{\"added\": {}}]"}}, {"model": "admin.logentry", "pk": 175, "fields": {"action_time": "2023-07-12T11:23:00.658Z", "user": "a6b09beb-b48f-4c52-a25a-8fa337df2675", "content_type": 23, "object_id": "087ca7aa-090f-4769-8d03-3742390c40ea", "object_repr": "Megastore3 Demo | Instagram | Digital camera", "action_flag": 1, "change_message": "[{\"added\": {}}]"}}, {"model": "admin.logentry", "pk": 176, "fields": {"action_time": "2023-07-12T11:23:14.321Z", "user": "a6b09beb-b48f-4c52-a25a-8fa337df2675", "content_type": 23, "object_id": "86fa6ecf-893f-4a33-9f93-fd8ec198bc1c", "object_repr": "Megastore3 Demo | Instagram | Leather Bag", "action_flag": 1, "change_message": "[{\"added\": {}}]"}}, {"model": "admin.logentry", "pk": 177, "fields": {"action_time": "2023-07-12T11:23:39.720Z", "user": "a6b09beb-b48f-4c52-a25a-8fa337df2675", "content_type": 23, "object_id": "48853992-709a-4212-bfb9-b55137145b21", "object_repr": "Megastore3 Demo | Instagram | Leather Bag", "action_flag": 1, "change_message": "[{\"added\": {}}]"}}, {"model": "admin.logentry", "pk": 178, "fields": {"action_time": "2023-07-12T11:32:11.446Z", "user": "a6b09beb-b48f-4c52-a25a-8fa337df2675", "content_type": 23, "object_id": "3a50177f-1328-451e-9e85-d1d1ae4565f4", "object_repr": "Megastore3 Demo | Banner | Digital camera", "action_flag": 1, "change_message": "[{\"added\": {}}]"}}, {"model": "admin.logentry", "pk": 179, "fields": {"action_time": "2023-07-12T11:33:39.981Z", "user": "a6b09beb-b48f-4c52-a25a-8fa337df2675", "content_type": 24, "object_id": "5cf87118-9b7a-47be-9d32-0ffbd780b7ee", "object_repr": "Left Banner", "action_flag": 1, "change_message": "[{\"added\": {}}]"}}, {"model": "admin.logentry", "pk": 180, "fields": {"action_time": "2023-07-12T11:33:44.091Z", "user": "a6b09beb-b48f-4c52-a25a-8fa337df2675", "content_type": 24, "object_id": "d7f9ae20-8971-4a78-b70f-66007eae0bc0", "object_repr": "Right Banner", "action_flag": 1, "change_message": "[{\"added\": {}}]"}}, {"model": "admin.logentry", "pk": 181, "fields": {"action_time": "2023-07-12T11:34:31.339Z", "user": "a6b09beb-b48f-4c52-a25a-8fa337df2675", "content_type": 23, "object_id": "6bc4be6b-15bb-487e-b7b8-095fd8e09256", "object_repr": "Megastore3 Demo | Right Banner | Digital camera", "action_flag": 1, "change_message": "[{\"added\": {}}]"}}, {"model": "admin.logentry", "pk": 182, "fields": {"action_time": "2023-07-12T11:34:45.573Z", "user": "a6b09beb-b48f-4c52-a25a-8fa337df2675", "content_type": 23, "object_id": "49a8db2d-781e-4888-88ae-27118b45540a", "object_repr": "Megastore3 Demo | Right Banner | Leather Bag", "action_flag": 1, "change_message": "[{\"added\": {}}]"}}, {"model": "admin.logentry", "pk": 183, "fields": {"action_time": "2023-07-12T11:59:18.069Z", "user": "a6b09beb-b48f-4c52-a25a-8fa337df2675", "content_type": 23, "object_id": "a1495207-cf59-47a0-bf5b-7e6956f77a81", "object_repr": "Megastore3 Demo | Shop Banner | Digital camera", "action_flag": 1, "change_message": "[{\"added\": {}}]"}}, {"model": "admin.logentry", "pk": 184, "fields": {"action_time": "2023-07-12T11:59:29.628Z", "user": "a6b09beb-b48f-4c52-a25a-8fa337df2675", "content_type": 23, "object_id": "71bce8b6-b8a8-448b-aa88-fb22f8721f5a", "object_repr": "Megastore3 Demo | Shop Banner | Leather Bag", "action_flag": 1, "change_message": "[{\"added\": {}}]"}}, {"model": "admin.logentry", "pk": 185, "fields": {"action_time": "2023-07-12T11:59:41.752Z", "user": "a6b09beb-b48f-4c52-a25a-8fa337df2675", "content_type": 23, "object_id": "28e5c1b6-52a6-4423-8472-60993aa399b8", "object_repr": "Megastore3 Demo | Shop Banner | Digital camera", "action_flag": 1, "change_message": "[{\"added\": {}}]"}}, {"model": "admin.logentry", "pk": 186, "fields": {"action_time": "2023-07-13T03:53:18.926Z", "user": "a6b09beb-b48f-4c52-a25a-8fa337df2675", "content_type": 23, "object_id": "2619d918-790a-4c7b-bb5d-174c20e428e0", "object_repr": "Megastore3 Demo | Left Banner | Digital camera", "action_flag": 1, "change_message": "[{\"added\": {}}]"}}, {"model": "admin.logentry", "pk": 187, "fields": {"action_time": "2023-07-13T03:53:31.141Z", "user": "a6b09beb-b48f-4c52-a25a-8fa337df2675", "content_type": 23, "object_id": "6a05dcc3-d5a0-481f-b9c9-be3d423134c4", "object_repr": "Megastore3 Demo | Left Banner | Leather Bag", "action_flag": 1, "change_message": "[{\"added\": {}}]"}}, {"model": "admin.logentry", "pk": 188, "fields": {"action_time": "2023-07-13T03:53:47.329Z", "user": "a6b09beb-b48f-4c52-a25a-8fa337df2675", "content_type": 23, "object_id": "e5bfc312-8ae8-4141-9adc-b707719aac62", "object_repr": "Megastore3 Demo | Left Banner | Digital camera", "action_flag": 1, "change_message": "[{\"added\": {}}]"}}, {"model": "admin.logentry", "pk": 189, "fields": {"action_time": "2023-07-13T03:54:30.226Z", "user": "a6b09beb-b48f-4c52-a25a-8fa337df2675", "content_type": 23, "object_id": "3e2c9b3c-7afc-4b17-9ebe-373f3988123a", "object_repr": "Megastore3 Demo | Left Banner | Leather Bag", "action_flag": 1, "change_message": "[{\"added\": {}}]"}}, {"model": "admin.logentry", "pk": 190, "fields": {"action_time": "2023-07-13T04:24:44.161Z", "user": "a6b09beb-b48f-4c52-a25a-8fa337df2675", "content_type": 11, "object_id": "76286230-cfb5-4e53-8749-164e1bd9304a", "object_repr": "LG", "action_flag": 1, "change_message": "[{\"added\": {}}]"}}, {"model": "admin.logentry", "pk": 191, "fields": {"action_time": "2023-07-13T04:24:49.875Z", "user": "a6b09beb-b48f-4c52-a25a-8fa337df2675", "content_type": 11, "object_id": "ec065af6-ceb9-4d48-bb3a-998cbfb58625", "object_repr": "Godrej", "action_flag": 1, "change_message": "[{\"added\": {}}]"}}, {"model": "admin.logentry", "pk": 192, "fields": {"action_time": "2023-07-13T04:24:55.323Z", "user": "a6b09beb-b48f-4c52-a25a-8fa337df2675", "content_type": 11, "object_id": "0c8daa67-cbc1-4e64-86f3-5aee1b079d91", "object_repr": "Samsung", "action_flag": 1, "change_message": "[{\"added\": {}}]"}}, {"model": "admin.logentry", "pk": 193, "fields": {"action_time": "2023-07-13T05:03:11.692Z", "user": "a6b09beb-b48f-4c52-a25a-8fa337df2675", "content_type": 23, "object_id": "ca5ed07b-2de7-4a90-9ea5-2882fe2b2633", "object_repr": "Megastore4 Demo | Slider | Digital camera", "action_flag": 1, "change_message": "[{\"added\": {}}]"}}, {"model": "admin.logentry", "pk": 194, "fields": {"action_time": "2023-07-13T05:03:26.895Z", "user": "a6b09beb-b48f-4c52-a25a-8fa337df2675", "content_type": 23, "object_id": "1f50492a-dac5-4a02-ba52-84cbeedb4a74", "object_repr": "Megastore4 Demo | Slider | Leather Bag", "action_flag": 1, "change_message": "[{\"added\": {}}]"}}, {"model": "admin.logentry", "pk": 195, "fields": {"action_time": "2023-07-13T05:04:00.457Z", "user": "a6b09beb-b48f-4c52-a25a-8fa337df2675", "content_type": 23, "object_id": "510ece96-b2fa-4d92-8aab-a850f175f165", "object_repr": "Megastore4 Demo | Slider | Digital camera", "action_flag": 1, "change_message": "[{\"added\": {}}]"}}, {"model": "admin.logentry", "pk": 196, "fields": {"action_time": "2023-07-13T05:15:44.554Z", "user": "a6b09beb-b48f-4c52-a25a-8fa337df2675", "content_type": 23, "object_id": "8aa503d6-57e5-4fe8-bb0b-bcdbc7b08db9", "object_repr": "Megastore4 Demo | Banner | Digital camera", "action_flag": 1, "change_message": "[{\"added\": {}}]"}}, {"model": "admin.logentry", "pk": 197, "fields": {"action_time": "2023-07-13T05:16:01.181Z", "user": "a6b09beb-b48f-4c52-a25a-8fa337df2675", "content_type": 23, "object_id": "23b193fb-777a-432b-bfd1-f34fc1241fc4", "object_repr": "Megastore4 Demo | Banner | Leather Bag", "action_flag": 1, "change_message": "[{\"added\": {}}]"}}, {"model": "admin.logentry", "pk": 198, "fields": {"action_time": "2023-07-13T05:17:41.898Z", "user": "a6b09beb-b48f-4c52-a25a-8fa337df2675", "content_type": 23, "object_id": "61f58b0b-fc5a-419d-8a8e-1026df5d9a7a", "object_repr": "Megastore4 Demo | Sidebanner | Camera", "action_flag": 1, "change_message": "[{\"added\": {}}]"}}, {"model": "admin.logentry", "pk": 199, "fields": {"action_time": "2023-07-13T05:44:23.498Z", "user": "a6b09beb-b48f-4c52-a25a-8fa337df2675", "content_type": 23, "object_id": "d3ec4ad0-9205-410d-95d3-3e8ecc30f144", "object_repr": "Megastore4 Demo | Media Banner | Digital camera", "action_flag": 1, "change_message": "[{\"added\": {}}]"}}, {"model": "admin.logentry", "pk": 200, "fields": {"action_time": "2023-07-13T05:44:54.832Z", "user": "a6b09beb-b48f-4c52-a25a-8fa337df2675", "content_type": 23, "object_id": "ff81dcd1-c944-4c15-95ea-4714223b02a8", "object_repr": "Megastore4 Demo | Media Banner | Leather Bag", "action_flag": 1, "change_message": "[{\"added\": {}}]"}}, {"model": "admin.logentry", "pk": 201, "fields": {"action_time": "2023-07-13T05:45:18.166Z", "user": "a6b09beb-b48f-4c52-a25a-8fa337df2675", "content_type": 23, "object_id": "0e9ef967-cc4f-46ed-89d7-a66cad3052aa", "object_repr": "Megastore4 Demo | Media Banner | Digital camera", "action_flag": 1, "change_message": "[{\"added\": {}}]"}}, {"model": "admin.logentry", "pk": 202, "fields": {"action_time": "2023-07-13T05:45:29.557Z", "user": "a6b09beb-b48f-4c52-a25a-8fa337df2675", "content_type": 23, "object_id": "f528ebae-80ff-45ad-baaf-289982ad62b2", "object_repr": "Megastore4 Demo | Media Banner | Leather Bag", "action_flag": 1, "change_message": "[{\"added\": {}}]"}}, {"model": "admin.logentry", "pk": 203, "fields": {"action_time": "2023-07-13T06:06:49.700Z", "user": "a6b09beb-b48f-4c52-a25a-8fa337df2675", "content_type": 23, "object_id": "31e81891-78c1-49b7-ac3f-7ccc41a7ae66", "object_repr": "Megastore4 Demo | Timer | Digital camera", "action_flag": 1, "change_message": "[{\"added\": {}}]"}}, {"model": "admin.logentry", "pk": 204, "fields": {"action_time": "2023-07-13T06:07:04.886Z", "user": "a6b09beb-b48f-4c52-a25a-8fa337df2675", "content_type": 23, "object_id": "c7e62a28-3367-4046-aa51-cb26c8e28081", "object_repr": "Megastore4 Demo | Timer | Leather Bag", "action_flag": 1, "change_message": "[{\"added\": {}}]"}}, {"model": "admin.logentry", "pk": 205, "fields": {"action_time": "2023-07-13T06:07:23.528Z", "user": "a6b09beb-b48f-4c52-a25a-8fa337df2675", "content_type": 23, "object_id": "5e83ea28-7842-4b26-acf2-1f785725209e", "object_repr": "Megastore4 Demo | Timer | Digital camera", "action_flag": 1, "change_message": "[{\"added\": {}}]"}}, {"model": "admin.logentry", "pk": 206, "fields": {"action_time": "2023-07-13T06:21:26.944Z", "user": "a6b09beb-b48f-4c52-a25a-8fa337df2675", "content_type": 23, "object_id": "1a1b0bdd-49e7-487f-a8b9-778617ae0aaf", "object_repr": "Megastore4 Demo | Timer | Digital camera", "action_flag": 1, "change_message": "[{\"added\": {}}]"}}, {"model": "admin.logentry", "pk": 207, "fields": {"action_time": "2023-07-13T08:11:55.488Z", "user": "a6b09beb-b48f-4c52-a25a-8fa337df2675", "content_type": 15, "object_id": "8a4158b7-e3ce-41dd-b003-628f01224080", "object_repr": "Refridgerator", "action_flag": 1, "change_message": "[{\"added\": {}}]"}}, {"model": "admin.logentry", "pk": 208, "fields": {"action_time": "2023-07-13T08:12:20.234Z", "user": "a6b09beb-b48f-4c52-a25a-8fa337df2675", "content_type": 15, "object_id": "c6340325-b211-4e98-8878-78211d503162", "object_repr": "Washing machine", "action_flag": 1, "change_message": "[{\"added\": {}}]"}}, {"model": "admin.logentry", "pk": 209, "fields": {"action_time": "2023-07-13T08:13:05.447Z", "user": "a6b09beb-b48f-4c52-a25a-8fa337df2675", "content_type": 15, "object_id": "8a4158b7-e3ce-41dd-b003-628f01224080", "object_repr": "Dressing", "action_flag": 2, "change_message": "[{\"changed\": {\"fields\": [\"Name\"]}}]"}}, {"model": "admin.logentry", "pk": 210, "fields": {"action_time": "2023-07-13T08:20:06.701Z", "user": "a6b09beb-b48f-4c52-a25a-8fa337df2675", "content_type": 19, "object_id": "18283a17-1c0b-4549-aa9b-e1e205145cdf", "object_repr": "Dressing Table", "action_flag": 1, "change_message": "[{\"added\": {}}, {\"added\": {\"name\": \"Variant\", \"object\": \"Dressing Table\"}}, {\"added\": {\"name\": \"Multiple Image\", \"object\": \"Dressing Table\"}}, {\"added\": {\"name\": \"Multiple Image\", \"object\": \"Dressing Table\"}}, {\"added\": {\"name\": \"Multiple Image\", \"object\": \"Dressing Table\"}}]"}}, {"model": "admin.logentry", "pk": 211, "fields": {"action_time": "2023-07-13T08:22:49.797Z", "user": "a6b09beb-b48f-4c52-a25a-8fa337df2675", "content_type": 19, "object_id": "a2610f7b-1fb0-4bcf-9a5d-26dbad66decf", "object_repr": "LG Machine", "action_flag": 1, "change_message": "[{\"added\": {}}, {\"added\": {\"name\": \"Variant\", \"object\": \"LG Machine | Green - Color, S - Size\"}}, {\"added\": {\"name\": \"Variant\", \"object\": \"LG Machine | XL - Size, Blue - Color\"}}, {\"added\": {\"name\": \"Multiple Image\", \"object\": \"LG Machine\"}}, {\"added\": {\"name\": \"Multiple Image\", \"object\": \"LG Machine\"}}, {\"added\": {\"name\": \"Multiple Image\", \"object\": \"LG Machine\"}}, {\"added\": {\"name\": \"Multiple Image\", \"object\": \"LG Machine\"}}]"}}, {"model": "admin.logentry", "pk": 212, "fields": {"action_time": "2023-07-13T09:06:21.706Z", "user": "a6b09beb-b48f-4c52-a25a-8fa337df2675", "content_type": 23, "object_id": "634d97d4-fc78-4411-8fa6-8ccc35b7f681", "object_repr": "Megastore4 Demo | Collection Banner | LG Machine | XL - Size, Blue - Color", "action_flag": 1, "change_message": "[{\"added\": {}}]"}}, {"model": "admin.logentry", "pk": 213, "fields": {"action_time": "2023-07-13T09:06:35.708Z", "user": "a6b09beb-b48f-4c52-a25a-8fa337df2675", "content_type": 23, "object_id": "35baea09-647c-403e-ab22-1d454f2c9fca", "object_repr": "Megastore4 Demo | Collection Banner | LG Machine | Green - Color, S - Size", "action_flag": 1, "change_message": "[{\"added\": {}}]"}}, {"model": "admin.logentry", "pk": 214, "fields": {"action_time": "2023-07-13T09:06:57.191Z", "user": "a6b09beb-b48f-4c52-a25a-8fa337df2675", "content_type": 23, "object_id": "2cc11ae3-a3ae-4ff3-95ef-9384cbccfb79", "object_repr": "Megastore4 Demo | Collection Banner | Dressing Table", "action_flag": 1, "change_message": "[{\"added\": {}}]"}}, {"model": "admin.logentry", "pk": 215, "fields": {"action_time": "2023-07-13T10:24:04.760Z", "user": "a6b09beb-b48f-4c52-a25a-8fa337df2675", "content_type": 23, "object_id": "1e08c6b6-db06-475e-85fa-eaa582cbada0", "object_repr": "Megastore4 Demo | Instagram | LG Machine | Green - Color, S - Size", "action_flag": 1, "change_message": "[{\"added\": {}}]"}}, {"model": "admin.logentry", "pk": 216, "fields": {"action_time": "2023-07-13T10:24:14.185Z", "user": "a6b09beb-b48f-4c52-a25a-8fa337df2675", "content_type": 23, "object_id": "ec19ac41-6628-4754-a601-0b3bf0cad042", "object_repr": "Megastore4 Demo | Instagram | LG Machine | Green - Color, S - Size", "action_flag": 1, "change_message": "[{\"added\": {}}]"}}, {"model": "admin.logentry", "pk": 217, "fields": {"action_time": "2023-07-13T10:24:36.752Z", "user": "a6b09beb-b48f-4c52-a25a-8fa337df2675", "content_type": 23, "object_id": "e8e140ed-d781-4140-ba68-91cea44d7c98", "object_repr": "Megastore4 Demo | Instagram | Dressing Table", "action_flag": 1, "change_message": "[{\"added\": {}}]"}}, {"model": "admin.logentry", "pk": 218, "fields": {"action_time": "2023-07-13T10:24:55.169Z", "user": "a6b09beb-b48f-4c52-a25a-8fa337df2675", "content_type": 23, "object_id": "94cbbf0b-d514-4228-b7f7-c73f8571c179", "object_repr": "Megastore4 Demo | Instagram | Digital camera", "action_flag": 1, "change_message": "[{\"added\": {}}]"}}, {"model": "admin.logentry", "pk": 219, "fields": {"action_time": "2023-07-13T10:25:08.236Z", "user": "a6b09beb-b48f-4c52-a25a-8fa337df2675", "content_type": 23, "object_id": "58162f3c-e71d-49d6-b875-cec066215721", "object_repr": "Megastore4 Demo | Instagram | LG Machine | XL - Size, Blue - Color", "action_flag": 1, "change_message": "[{\"added\": {}}]"}}, {"model": "admin.logentry", "pk": 220, "fields": {"action_time": "2023-07-13T10:25:23.446Z", "user": "a6b09beb-b48f-4c52-a25a-8fa337df2675", "content_type": 23, "object_id": "f8bd477e-b432-49e0-a61e-26c428387c90", "object_repr": "Megastore4 Demo | Instagram | LG Machine | Green - Color, S - Size", "action_flag": 1, "change_message": "[{\"added\": {}}]"}}, {"model": "admin.logentry", "pk": 221, "fields": {"action_time": "2023-07-13T10:26:53.151Z", "user": "a6b09beb-b48f-4c52-a25a-8fa337df2675", "content_type": 23, "object_id": "6b96d87b-34a8-4787-8526-18e640446745", "object_repr": "Megastore3 Demo | Instagram | Dressing Table", "action_flag": 1, "change_message": "[{\"added\": {}}]"}}, {"model": "admin.logentry", "pk": 222, "fields": {"action_time": "2023-07-14T04:50:12.801Z", "user": "a6b09beb-b48f-4c52-a25a-8fa337df2675", "content_type": 11, "object_id": "11d55a5d-89d0-4f92-b168-a09a66285f11", "object_repr": "Phillips", "action_flag": 1, "change_message": "[{\"added\": {}}]"}}, {"model": "admin.logentry", "pk": 223, "fields": {"action_time": "2023-07-14T04:50:16.064Z", "user": "a6b09beb-b48f-4c52-a25a-8fa337df2675", "content_type": 11, "object_id": "66b434e9-b009-4baa-a35a-c54f4bbe6e94", "object_repr": "Syska", "action_flag": 1, "change_message": "[{\"added\": {}}]"}}, {"model": "admin.logentry", "pk": 224, "fields": {"action_time": "2023-07-14T04:50:53.970Z", "user": "a6b09beb-b48f-4c52-a25a-8fa337df2675", "content_type": 15, "object_id": "8c420bb1-ee0a-4b18-a7d4-d2a589cafaf9", "object_repr": "Philips", "action_flag": 1, "change_message": "[{\"added\": {}}]"}}, {"model": "admin.logentry", "pk": 225, "fields": {"action_time": "2023-07-14T04:51:04.375Z", "user": "a6b09beb-b48f-4c52-a25a-8fa337df2675", "content_type": 15, "object_id": "1fbb85eb-9454-43c6-a109-47f82744d560", "object_repr": "Syska", "action_flag": 1, "change_message": "[{\"added\": {}}]"}}, {"model": "admin.logentry", "pk": 226, "fields": {"action_time": "2023-07-14T04:53:18.465Z", "user": "a6b09beb-b48f-4c52-a25a-8fa337df2675", "content_type": 19, "object_id": "07b17732-d80a-497a-bc57-003b8b1e252c", "object_repr": "Trimmer", "action_flag": 1, "change_message": "[{\"added\": {}}, {\"added\": {\"name\": \"Variant\", \"object\": \"Trimmer\"}}, {\"added\": {\"name\": \"Multiple Image\", \"object\": \"Trimmer\"}}, {\"added\": {\"name\": \"Multiple Image\", \"object\": \"Trimmer\"}}, {\"added\": {\"name\": \"Multiple Image\", \"object\": \"Trimmer\"}}, {\"added\": {\"name\": \"Multiple Image\", \"object\": \"Trimmer\"}}]"}}, {"model": "admin.logentry", "pk": 227, "fields": {"action_time": "2023-07-14T04:55:38.786Z", "user": "a6b09beb-b48f-4c52-a25a-8fa337df2675", "content_type": 19, "object_id": "f3657b46-64cd-44c9-bc11-28b928811f66", "object_repr": "Samsung galaxy", "action_flag": 1, "change_message": "[{\"added\": {}}, {\"added\": {\"name\": \"Variant\", \"object\": \"Samsung galaxy | XL - Size, Blue - Color\"}}, {\"added\": {\"name\": \"Variant\", \"object\": \"Samsung galaxy | Orange - Color, XXL - Size\"}}, {\"added\": {\"name\": \"Multiple Image\", \"object\": \"Samsung galaxy\"}}, {\"added\": {\"name\": \"Multiple Image\", \"object\": \"Samsung galaxy\"}}, {\"added\": {\"name\": \"Multiple Image\", \"object\": \"Samsung galaxy\"}}, {\"added\": {\"name\": \"Multiple Image\", \"object\": \"Samsung galaxy\"}}]"}}, {"model": "admin.logentry", "pk": 228, "fields": {"action_time": "2023-07-14T05:02:35.291Z", "user": "a6b09beb-b48f-4c52-a25a-8fa337df2675", "content_type": 23, "object_id": "f1c83c43-edb0-4e69-922a-948ea7a6ee32", "object_repr": "Megastore5 Demo | Slider | Samsung galaxy | Orange - Color, XXL - Size", "action_flag": 1, "change_message": "[{\"added\": {}}]"}}, {"model": "admin.logentry", "pk": 229, "fields": {"action_time": "2023-07-14T05:04:59.063Z", "user": "a6b09beb-b48f-4c52-a25a-8fa337df2675", "content_type": 23, "object_id": "652b733c-5fbc-4586-b797-de1179864cc9", "object_repr": "Megastore5 Demo | Slider | Trimmer", "action_flag": 1, "change_message": "[{\"added\": {}}]"}}, {"model": "admin.logentry", "pk": 230, "fields": {"action_time": "2023-07-14T05:05:17.472Z", "user": "a6b09beb-b48f-4c52-a25a-8fa337df2675", "content_type": 23, "object_id": "cfab4ad2-d281-49d3-aa93-f903e8b3d41d", "object_repr": "Megastore5 Demo | Slider | Samsung galaxy | XL - Size, Blue - Color", "action_flag": 1, "change_message": "[{\"added\": {}}]"}}, {"model": "admin.logentry", "pk": 231, "fields": {"action_time": "2023-07-14T05:54:58.359Z", "user": "a6b09beb-b48f-4c52-a25a-8fa337df2675", "content_type": 23, "object_id": "f4e6fa6a-1ead-4ae1-af94-3ba8f4e6f3cd", "object_repr": "Megastore5 Demo | Banner | Samsung galaxy | Orange - Color, XXL - Size", "action_flag": 1, "change_message": "[{\"added\": {}}]"}}, {"model": "admin.logentry", "pk": 232, "fields": {"action_time": "2023-07-14T05:55:18.811Z", "user": "a6b09beb-b48f-4c52-a25a-8fa337df2675", "content_type": 23, "object_id": "514ce8de-ab36-463f-bd93-93a89eee9ecf", "object_repr": "Megastore5 Demo | Banner | Trimmer", "action_flag": 1, "change_message": "[{\"added\": {}}]"}}, {"model": "admin.logentry", "pk": 233, "fields": {"action_time": "2023-07-14T06:07:03.784Z", "user": "a6b09beb-b48f-4c52-a25a-8fa337df2675", "content_type": 23, "object_id": "de54e487-31f7-462b-881d-d1aeefc06290", "object_repr": "Megastore5 Demo | Sidebanner | Samsung galaxy | Orange - Color, XXL - Size", "action_flag": 1, "change_message": "[{\"added\": {}}]"}}, {"model": "admin.logentry", "pk": 234, "fields": {"action_time": "2023-07-14T06:08:01.960Z", "user": "a6b09beb-b48f-4c52-a25a-8fa337df2675", "content_type": 23, "object_id": "a814286c-26d2-444b-b6e8-97a0f17bbbcd", "object_repr": "Megastore5 Demo | Sidebanner | Trimmer", "action_flag": 1, "change_message": "[{\"added\": {}}]"}}, {"model": "admin.logentry", "pk": 235, "fields": {"action_time": "2023-07-14T06:08:47.684Z", "user": "a6b09beb-b48f-4c52-a25a-8fa337df2675", "content_type": 23, "object_id": "ecc72a79-f675-46a5-9ca1-2b32153e0b09", "object_repr": "Megastore5 Demo | Sidebanner | Samsung galaxy | XL - Size, Blue - Color", "action_flag": 1, "change_message": "[{\"added\": {}}]"}}, {"model": "admin.logentry", "pk": 236, "fields": {"action_time": "2023-07-14T09:59:10.777Z", "user": "a6b09beb-b48f-4c52-a25a-8fa337df2675", "content_type": 15, "object_id": "886651f9-2f6b-4e5d-8668-b7dddb860236", "object_repr": "rgfdsg", "action_flag": 1, "change_message": "[{\"added\": {}}]"}}, {"model": "admin.logentry", "pk": 237, "fields": {"action_time": "2023-07-14T10:21:08.608Z", "user": "a6b09beb-b48f-4c52-a25a-8fa337df2675", "content_type": 15, "object_id": "886651f9-2f6b-4e5d-8668-b7dddb860236", "object_repr": "rgfdsg", "action_flag": 3, "change_message": ""}}, {"model": "admin.logentry", "pk": 238, "fields": {"action_time": "2023-07-14T10:23:38.793Z", "user": "a6b09beb-b48f-4c52-a25a-8fa337df2675", "content_type": 23, "object_id": "cd81f998-74e5-4c85-bed5-70ac3007ab26", "object_repr": "Megastore5 Demo | Collection Banner | Samsung galaxy | Orange - Color, XXL - Size", "action_flag": 1, "change_message": "[{\"added\": {}}]"}}, {"model": "admin.logentry", "pk": 239, "fields": {"action_time": "2023-07-14T10:24:02.450Z", "user": "a6b09beb-b48f-4c52-a25a-8fa337df2675", "content_type": 23, "object_id": "6aaa5b8f-f9d8-48e3-a446-76680b03d77d", "object_repr": "Megastore5 Demo | Collection Banner | Trimmer", "action_flag": 1, "change_message": "[{\"added\": {}}]"}}, {"model": "admin.logentry", "pk": 240, "fields": {"action_time": "2023-07-14T10:24:20.008Z", "user": "a6b09beb-b48f-4c52-a25a-8fa337df2675", "content_type": 23, "object_id": "7b3f287b-8b10-4473-8cae-75b4f2bfbb4f", "object_repr": "Megastore5 Demo | Collection Banner | Samsung galaxy | XL - Size, Blue - Color", "action_flag": 1, "change_message": "[{\"added\": {}}]"}}, {"model": "admin.logentry", "pk": 241, "fields": {"action_time": "2023-07-14T10:26:10.212Z", "user": "a6b09beb-b48f-4c52-a25a-8fa337df2675", "content_type": 23, "object_id": "0fb508f1-bc1b-40e7-b7ba-1e7ba1effce4", "object_repr": "Megastore5 Demo | Collection Banner | Samsung galaxy | XL - Size, Blue - Color", "action_flag": 1, "change_message": "[{\"added\": {}}]"}}, {"model": "admin.logentry", "pk": 242, "fields": {"action_time": "2023-07-15T03:28:00.287Z", "user": "a6b09beb-b48f-4c52-a25a-8fa337df2675", "content_type": 23, "object_id": "7b3f287b-8b10-4473-8cae-75b4f2bfbb4f", "object_repr": "Megastore5 Demo | Collection Banner | Samsung galaxy | XL - Size, Blue - Color", "action_flag": 3, "change_message": ""}}, {"model": "admin.logentry", "pk": 243, "fields": {"action_time": "2023-07-15T03:28:00.292Z", "user": "a6b09beb-b48f-4c52-a25a-8fa337df2675", "content_type": 23, "object_id": "0fb508f1-bc1b-40e7-b7ba-1e7ba1effce4", "object_repr": "Megastore5 Demo | Collection Banner | Samsung galaxy | XL - Size, Blue - Color", "action_flag": 3, "change_message": ""}}, {"model": "admin.logentry", "pk": 244, "fields": {"action_time": "2023-07-15T04:19:23.872Z", "user": "a6b09beb-b48f-4c52-a25a-8fa337df2675", "content_type": 23, "object_id": "09345154-8692-47d5-a29d-658426f2417a", "object_repr": "Megastore5 Demo | Collection Banner | Samsung galaxy | XL - Size, Blue - Color", "action_flag": 1, "change_message": "[{\"added\": {}}]"}}, {"model": "admin.logentry", "pk": 245, "fields": {"action_time": "2023-07-15T04:19:46.629Z", "user": "a6b09beb-b48f-4c52-a25a-8fa337df2675", "content_type": 23, "object_id": "5b359245-8e94-43d9-bccd-f0a2c6da956c", "object_repr": "Megastore5 Demo | Collection Banner | Trimmer", "action_flag": 1, "change_message": "[{\"added\": {}}]"}}, {"model": "admin.logentry", "pk": 246, "fields": {"action_time": "2023-07-15T04:44:59.206Z", "user": "a6b09beb-b48f-4c52-a25a-8fa337df2675", "content_type": 15, "object_id": "d033b4d7-8447-4c68-a9f7-4c9087cd9b9f", "object_repr": "megastore1", "action_flag": 1, "change_message": "[{\"added\": {}}]"}}, {"model": "admin.logentry", "pk": 247, "fields": {"action_time": "2023-07-15T04:45:11.086Z", "user": "a6b09beb-b48f-4c52-a25a-8fa337df2675", "content_type": 15, "object_id": "86647e14-839f-4d17-a51f-088a63e5a275", "object_repr": "megastore2", "action_flag": 1, "change_message": "[{\"added\": {}}]"}}, {"model": "admin.logentry", "pk": 248, "fields": {"action_time": "2023-07-15T04:45:19.668Z", "user": "a6b09beb-b48f-4c52-a25a-8fa337df2675", "content_type": 15, "object_id": "0d063b1f-1d10-4af6-883c-fab8537b052d", "object_repr": "megastore3", "action_flag": 1, "change_message": "[{\"added\": {}}]"}}, {"model": "admin.logentry", "pk": 249, "fields": {"action_time": "2023-07-15T04:45:37.030Z", "user": "a6b09beb-b48f-4c52-a25a-8fa337df2675", "content_type": 15, "object_id": "bf064c7f-b512-4b1a-9e1d-4a81d8b8df38", "object_repr": "megastore4", "action_flag": 1, "change_message": "[{\"added\": {}}]"}}, {"model": "admin.logentry", "pk": 250, "fields": {"action_time": "2023-07-15T04:46:44.227Z", "user": "a6b09beb-b48f-4c52-a25a-8fa337df2675", "content_type": 15, "object_id": "f3bd418e-4fee-4615-a98b-8fb9b36b81ed", "object_repr": "Winter Jackets", "action_flag": 1, "change_message": "[{\"added\": {}}]"}}, {"model": "admin.logentry", "pk": 251, "fields": {"action_time": "2023-07-15T04:46:56.220Z", "user": "a6b09beb-b48f-4c52-a25a-8fa337df2675", "content_type": 15, "object_id": "82908991-2b80-40a7-bb7c-4d17da40340e", "object_repr": "Office Blazer", "action_flag": 1, "change_message": "[{\"added\": {}}]"}}, {"model": "admin.logentry", "pk": 252, "fields": {"action_time": "2023-07-15T04:47:17.488Z", "user": "a6b09beb-b48f-4c52-a25a-8fa337df2675", "content_type": 15, "object_id": "759e147d-a28c-45a4-984a-a8837f3b4525", "object_repr": "sports watches", "action_flag": 1, "change_message": "[{\"added\": {}}]"}}, {"model": "admin.logentry", "pk": 253, "fields": {"action_time": "2023-07-15T04:47:42.448Z", "user": "a6b09beb-b48f-4c52-a25a-8fa337df2675", "content_type": 15, "object_id": "d98e6018-7aa9-45a0-aa60-a9f1d72c7277", "object_repr": "Chesterfield Chair", "action_flag": 1, "change_message": "[{\"added\": {}}]"}}, {"model": "admin.logentry", "pk": 254, "fields": {"action_time": "2023-07-15T04:47:55.796Z", "user": "a6b09beb-b48f-4c52-a25a-8fa337df2675", "content_type": 15, "object_id": "e28ee4d1-2d33-4a29-8dfe-0a30ed4728f8", "object_repr": "Bunching Table", "action_flag": 1, "change_message": "[{\"added\": {}}]"}}, {"model": "admin.logentry", "pk": 255, "fields": {"action_time": "2023-07-15T04:48:07.588Z", "user": "a6b09beb-b48f-4c52-a25a-8fa337df2675", "content_type": 15, "object_id": "783c1000-a701-4d33-a3cf-ed1f1d168c0e", "object_repr": "Sofa beds", "action_flag": 1, "change_message": "[{\"added\": {}}]"}}, {"model": "admin.logentry", "pk": 256, "fields": {"action_time": "2023-07-15T04:48:37.859Z", "user": "a6b09beb-b48f-4c52-a25a-8fa337df2675", "content_type": 15, "object_id": "2a4ebb7d-5da3-48c3-9661-7f2b7e252b91", "object_repr": "White Pepper Powder", "action_flag": 1, "change_message": "[{\"added\": {}}]"}}, {"model": "admin.logentry", "pk": 257, "fields": {"action_time": "2023-07-15T04:48:58.986Z", "user": "a6b09beb-b48f-4c52-a25a-8fa337df2675", "content_type": 15, "object_id": "35659f63-7770-4382-90cb-647c5157d9dc", "object_repr": "vegetable & fruits", "action_flag": 1, "change_message": "[{\"added\": {}}]"}}, {"model": "admin.logentry", "pk": 258, "fields": {"action_time": "2023-07-15T04:49:11.478Z", "user": "a6b09beb-b48f-4c52-a25a-8fa337df2675", "content_type": 15, "object_id": "68aa3bfd-b6f1-4e9e-a5a8-525b866d0800", "object_repr": "Tomato sauce", "action_flag": 1, "change_message": "[{\"added\": {}}]"}}, {"model": "admin.logentry", "pk": 259, "fields": {"action_time": "2023-07-15T04:49:54.592Z", "user": "a6b09beb-b48f-4c52-a25a-8fa337df2675", "content_type": 15, "object_id": "5a657015-f0f9-4dfd-ac5c-e51e44132e0f", "object_repr": "Barbecue sauce", "action_flag": 1, "change_message": "[{\"added\": {}}]"}}, {"model": "admin.logentry", "pk": 260, "fields": {"action_time": "2023-07-15T04:50:16.109Z", "user": "a6b09beb-b48f-4c52-a25a-8fa337df2675", "content_type": 15, "object_id": "19ea7cb4-e62d-4806-ab26-45e957942eb4", "object_repr": "fresh coffee powder", "action_flag": 1, "change_message": "[{\"added\": {}}]"}}, {"model": "admin.logentry", "pk": 261, "fields": {"action_time": "2023-07-15T04:50:35.213Z", "user": "a6b09beb-b48f-4c52-a25a-8fa337df2675", "content_type": 15, "object_id": "ab6a5421-06e9-47ce-9e22-59dd3565f0d8", "object_repr": "Storage cabinets", "action_flag": 1, "change_message": "[{\"added\": {}}]"}}, {"model": "admin.logentry", "pk": 262, "fields": {"action_time": "2023-07-15T05:41:26.715Z", "user": "a6b09beb-b48f-4c52-a25a-8fa337df2675", "content_type": 24, "object_id": "48df2db6-dfa5-4e56-8d87-406b32b050aa", "object_repr": "Sale Banner", "action_flag": 1, "change_message": "[{\"added\": {}}]"}}, {"model": "admin.logentry", "pk": 263, "fields": {"action_time": "2023-07-15T05:42:00.750Z", "user": "a6b09beb-b48f-4c52-a25a-8fa337df2675", "content_type": 23, "object_id": "706471ad-201d-4b6a-aaf8-b10da7ae158d", "object_repr": "Megastore5 Demo | Sale Banner | Samsung galaxy | Orange - Color, XXL - Size", "action_flag": 1, "change_message": "[{\"added\": {}}]"}}, {"model": "admin.logentry", "pk": 264, "fields": {"action_time": "2023-07-15T05:47:47.580Z", "user": "a6b09beb-b48f-4c52-a25a-8fa337df2675", "content_type": 23, "object_id": "d5e4faa2-431a-495d-9f0a-ac6b33c512c1", "object_repr": "Megastore5 Demo | Sale Banner | Trimmer", "action_flag": 1, "change_message": "[{\"added\": {}}]"}}, {"model": "admin.logentry", "pk": 265, "fields": {"action_time": "2023-07-15T06:07:02.928Z", "user": "a6b09beb-b48f-4c52-a25a-8fa337df2675", "content_type": 23, "object_id": "d5e4faa2-431a-495d-9f0a-ac6b33c512c1", "object_repr": "Megastore5 Demo | Sale Banner | Trimmer", "action_flag": 3, "change_message": ""}}, {"model": "admin.logentry", "pk": 266, "fields": {"action_time": "2023-07-15T06:09:03.514Z", "user": "a6b09beb-b48f-4c52-a25a-8fa337df2675", "content_type": 23, "object_id": "d6e28367-93c0-4ed2-b221-c70c6fe0e347", "object_repr": "Megastore5 Demo | Timer | Samsung galaxy | Orange - Color, XXL - Size", "action_flag": 1, "change_message": "[{\"added\": {}}]"}}, {"model": "admin.logentry", "pk": 267, "fields": {"action_time": "2023-07-15T06:09:14.546Z", "user": "a6b09beb-b48f-4c52-a25a-8fa337df2675", "content_type": 23, "object_id": "2d42f000-b262-4c82-8dcb-806ddfd63823", "object_repr": "Megastore5 Demo | Timer | Samsung galaxy | XL - Size, Blue - Color", "action_flag": 1, "change_message": "[{\"added\": {}}]"}}, {"model": "admin.logentry", "pk": 268, "fields": {"action_time": "2023-07-15T06:09:26.436Z", "user": "a6b09beb-b48f-4c52-a25a-8fa337df2675", "content_type": 23, "object_id": "6900902c-1165-4df7-b7c3-96117d775696", "object_repr": "Megastore5 Demo | Timer | Trimmer", "action_flag": 1, "change_message": "[{\"added\": {}}]"}}, {"model": "admin.logentry", "pk": 269, "fields": {"action_time": "2023-07-15T06:09:36.920Z", "user": "a6b09beb-b48f-4c52-a25a-8fa337df2675", "content_type": 23, "object_id": "117c49d1-1492-4ceb-8393-fda227821186", "object_repr": "Megastore5 Demo | Timer | Samsung galaxy | Orange - Color, XXL - Size", "action_flag": 1, "change_message": "[{\"added\": {}}]"}}, {"model": "admin.logentry", "pk": 270, "fields": {"action_time": "2023-07-17T06:06:51.914Z", "user": "a6b09beb-b48f-4c52-a25a-8fa337df2675", "content_type": 15, "object_id": "b3161255-2cfd-48e2-a5b7-c47ea69c6f03", "object_repr": "Electronics", "action_flag": 1, "change_message": "[{\"added\": {}}]"}}, {"model": "admin.logentry", "pk": 271, "fields": {"action_time": "2023-07-17T06:10:28.027Z", "user": "a6b09beb-b48f-4c52-a25a-8fa337df2675", "content_type": 11, "object_id": "8c481292-3ffe-4531-b8a7-24eff4117132", "object_repr": "AGARO", "action_flag": 1, "change_message": "[{\"added\": {}}]"}}, {"model": "admin.logentry", "pk": 272, "fields": {"action_time": "2023-07-17T06:10:37.455Z", "user": "a6b09beb-b48f-4c52-a25a-8fa337df2675", "content_type": 11, "object_id": "90898e8d-9907-4eb7-8652-2868a522aa29", "object_repr": "MI", "action_flag": 1, "change_message": "[{\"added\": {}}]"}}, {"model": "admin.logentry", "pk": 273, "fields": {"action_time": "2023-07-17T06:11:04.816Z", "user": "a6b09beb-b48f-4c52-a25a-8fa337df2675", "content_type": 15, "object_id": "e190ebc1-9608-4ee9-882f-d000a142305e", "object_repr": "AGARO", "action_flag": 1, "change_message": "[{\"added\": {}}]"}}, {"model": "admin.logentry", "pk": 274, "fields": {"action_time": "2023-07-17T06:11:20.064Z", "user": "a6b09beb-b48f-4c52-a25a-8fa337df2675", "content_type": 15, "object_id": "951323a9-d1f3-4aec-99f2-7db2a26cd5d9", "object_repr": "MI", "action_flag": 1, "change_message": "[{\"added\": {}}]"}}, {"model": "admin.logentry", "pk": 275, "fields": {"action_time": "2023-07-17T06:12:49.147Z", "user": "a6b09beb-b48f-4c52-a25a-8fa337df2675", "content_type": 19, "object_id": "8b9ea8bb-da5d-4568-9ad0-2dfabc5f1faf", "object_repr": "Vacuum Cleaner", "action_flag": 1, "change_message": "[{\"added\": {}}, {\"added\": {\"name\": \"Variant\", \"object\": \"Vacuum Cleaner\"}}, {\"added\": {\"name\": \"Multiple Image\", \"object\": \"Vacuum Cleaner\"}}, {\"added\": {\"name\": \"Multiple Image\", \"object\": \"Vacuum Cleaner\"}}, {\"added\": {\"name\": \"Multiple Image\", \"object\": \"Vacuum Cleaner\"}}, {\"added\": {\"name\": \"Multiple Image\", \"object\": \"Vacuum Cleaner\"}}]"}}, {"model": "admin.logentry", "pk": 276, "fields": {"action_time": "2023-07-17T06:21:56.102Z", "user": "a6b09beb-b48f-4c52-a25a-8fa337df2675", "content_type": 19, "object_id": "06cf09c0-b6f5-4ad2-82e1-e1200681104c", "object_repr": "Smart Tv", "action_flag": 1, "change_message": "[{\"added\": {}}, {\"added\": {\"name\": \"Variant\", \"object\": \"Smart Tv | XL - Size, Blue - Color\"}}, {\"added\": {\"name\": \"Variant\", \"object\": \"Smart Tv | Blue - Color, XXL - Size\"}}, {\"added\": {\"name\": \"Multiple Image\", \"object\": \"Smart Tv\"}}, {\"added\": {\"name\": \"Multiple Image\", \"object\": \"Smart Tv\"}}, {\"added\": {\"name\": \"Multiple Image\", \"object\": \"Smart Tv\"}}, {\"added\": {\"name\": \"Multiple Image\", \"object\": \"Smart Tv\"}}]"}}, {"model": "admin.logentry", "pk": 277, "fields": {"action_time": "2023-07-17T06:23:22.281Z", "user": "a6b09beb-b48f-4c52-a25a-8fa337df2675", "content_type": 23, "object_id": "2c8d35a1-9a27-4fd7-a5cb-83dc21b8448f", "object_repr": "Electronics Demo | Slider | Smart Tv | Blue - Color, XXL - Size", "action_flag": 1, "change_message": "[{\"added\": {}}]"}}, {"model": "admin.logentry", "pk": 278, "fields": {"action_time": "2023-07-17T06:24:04.218Z", "user": "a6b09beb-b48f-4c52-a25a-8fa337df2675", "content_type": 23, "object_id": "a32e96ac-6e25-4fe3-9d4b-e85a7b3460ce", "object_repr": "Electronics Demo | Slider | Vacuum Cleaner", "action_flag": 1, "change_message": "[{\"added\": {}}]"}}, {"model": "admin.logentry", "pk": 279, "fields": {"action_time": "2023-07-17T06:24:26.097Z", "user": "a6b09beb-b48f-4c52-a25a-8fa337df2675", "content_type": 23, "object_id": "b00f2dae-2220-4bbe-b26e-84a29124240d", "object_repr": "Electronics Demo | Slider | Smart Tv | XL - Size, Blue - Color", "action_flag": 1, "change_message": "[{\"added\": {}}]"}}, {"model": "admin.logentry", "pk": 280, "fields": {"action_time": "2023-07-17T06:39:28.491Z", "user": "a6b09beb-b48f-4c52-a25a-8fa337df2675", "content_type": 23, "object_id": "fe2219a1-80c3-430d-9a67-5547b332616a", "object_repr": "Electronics Demo | Banner | Smart Tv | Blue - Color, XXL - Size", "action_flag": 1, "change_message": "[{\"added\": {}}]"}}, {"model": "admin.logentry", "pk": 281, "fields": {"action_time": "2023-07-17T06:43:47.090Z", "user": "a6b09beb-b48f-4c52-a25a-8fa337df2675", "content_type": 23, "object_id": "eff80242-5676-4cac-840e-d88a07a6d119", "object_repr": "Electronics Demo | Banner | Vacuum Cleaner", "action_flag": 1, "change_message": "[{\"added\": {}}]"}}, {"model": "admin.logentry", "pk": 282, "fields": {"action_time": "2023-07-17T06:45:47.420Z", "user": "a6b09beb-b48f-4c52-a25a-8fa337df2675", "content_type": 23, "object_id": "555a1e5a-d7b5-483d-ae0f-1e35ce08ce29", "object_repr": "Electronics Demo | Banner | Smart Tv | XL - Size, Blue - Color", "action_flag": 1, "change_message": "[{\"added\": {}}]"}}, {"model": "admin.logentry", "pk": 283, "fields": {"action_time": "2023-07-17T07:09:44.789Z", "user": "a6b09beb-b48f-4c52-a25a-8fa337df2675", "content_type": 23, "object_id": "54c04275-fb86-4f8d-8c8c-df77056d274b", "object_repr": "Electronics Demo | Timer | Smart Tv | Blue - Color, XXL - Size", "action_flag": 1, "change_message": "[{\"added\": {}}]"}}, {"model": "admin.logentry", "pk": 284, "fields": {"action_time": "2023-07-17T07:10:30.499Z", "user": "a6b09beb-b48f-4c52-a25a-8fa337df2675", "content_type": 23, "object_id": "7fba798e-0dfc-4d84-a4e1-dc852537b300", "object_repr": "Electronics Demo | Timer | Vacuum Cleaner", "action_flag": 1, "change_message": "[{\"added\": {}}]"}}, {"model": "admin.logentry", "pk": 285, "fields": {"action_time": "2023-07-17T07:10:51.237Z", "user": "a6b09beb-b48f-4c52-a25a-8fa337df2675", "content_type": 23, "object_id": "46def50f-db20-45bb-ad06-7f271a71c639", "object_repr": "Electronics Demo | Timer | Smart Tv | XL - Size, Blue - Color", "action_flag": 1, "change_message": "[{\"added\": {}}]"}}, {"model": "admin.logentry", "pk": 286, "fields": {"action_time": "2023-07-17T08:10:50.839Z", "user": "a6b09beb-b48f-4c52-a25a-8fa337df2675", "content_type": 23, "object_id": "0311b65b-806a-4487-ab54-d5fde519c856", "object_repr": "Electronics Demo | Media Banner | Smart Tv | Blue - Color, XXL - Size", "action_flag": 1, "change_message": "[{\"added\": {}}]"}}, {"model": "admin.logentry", "pk": 287, "fields": {"action_time": "2023-07-17T08:11:12.415Z", "user": "a6b09beb-b48f-4c52-a25a-8fa337df2675", "content_type": 23, "object_id": "07a23c6a-0dda-49e6-96be-9b0921caa228", "object_repr": "Electronics Demo | Media Banner | Vacuum Cleaner", "action_flag": 1, "change_message": "[{\"added\": {}}]"}}, {"model": "admin.logentry", "pk": 288, "fields": {"action_time": "2023-07-17T08:14:20.444Z", "user": "a6b09beb-b48f-4c52-a25a-8fa337df2675", "content_type": 23, "object_id": "cca9462e-0d11-4c91-8da5-018776f8b117", "object_repr": "Electronics Demo | Media Banner | Smart Tv | XL - Size, Blue - Color", "action_flag": 1, "change_message": "[{\"added\": {}}]"}}, {"model": "admin.logentry", "pk": 289, "fields": {"action_time": "2023-07-17T08:17:39.556Z", "user": "a6b09beb-b48f-4c52-a25a-8fa337df2675", "content_type": 23, "object_id": "471059fb-f0b4-4ef6-9521-9dcdcbcb168a", "object_repr": "Electronics Demo | Media Banner | Smart Tv | Blue - Color, XXL - Size", "action_flag": 1, "change_message": "[{\"added\": {}}]"}}, {"model": "auth.permission", "pk": 1, "fields": {"name": "Can add log entry", "content_type": 1, "codename": "add_logentry"}}, {"model": "auth.permission", "pk": 2, "fields": {"name": "Can change log entry", "content_type": 1, "codename": "change_logentry"}}, {"model": "auth.permission", "pk": 3, "fields": {"name": "Can delete log entry", "content_type": 1, "codename": "delete_logentry"}}, {"model": "auth.permission", "pk": 4, "fields": {"name": "Can view log entry", "content_type": 1, "codename": "view_logentry"}}, {"model": "auth.permission", "pk": 5, "fields": {"name": "Can add permission", "content_type": 2, "codename": "add_permission"}}, {"model": "auth.permission", "pk": 6, "fields": {"name": "Can change permission", "content_type": 2, "codename": "change_permission"}}, {"model": "auth.permission", "pk": 7, "fields": {"name": "Can delete permission", "content_type": 2, "codename": "delete_permission"}}, {"model": "auth.permission", "pk": 8, "fields": {"name": "Can view permission", "content_type": 2, "codename": "view_permission"}}, {"model": "auth.permission", "pk": 9, "fields": {"name": "Can add group", "content_type": 3, "codename": "add_group"}}, {"model": "auth.permission", "pk": 10, "fields": {"name": "Can change group", "content_type": 3, "codename": "change_group"}}, {"model": "auth.permission", "pk": 11, "fields": {"name": "Can delete group", "content_type": 3, "codename": "delete_group"}}, {"model": "auth.permission", "pk": 12, "fields": {"name": "Can view group", "content_type": 3, "codename": "view_group"}}, {"model": "auth.permission", "pk": 13, "fields": {"name": "Can add content type", "content_type": 4, "codename": "add_contenttype"}}, {"model": "auth.permission", "pk": 14, "fields": {"name": "Can change content type", "content_type": 4, "codename": "change_contenttype"}}, {"model": "auth.permission", "pk": 15, "fields": {"name": "Can delete content type", "content_type": 4, "codename": "delete_contenttype"}}, {"model": "auth.permission", "pk": 16, "fields": {"name": "Can view content type", "content_type": 4, "codename": "view_contenttype"}}, {"model": "auth.permission", "pk": 17, "fields": {"name": "Can add session", "content_type": 5, "codename": "add_session"}}, {"model": "auth.permission", "pk": 18, "fields": {"name": "Can change session", "content_type": 5, "codename": "change_session"}}, {"model": "auth.permission", "pk": 19, "fields": {"name": "Can delete session", "content_type": 5, "codename": "delete_session"}}, {"model": "auth.permission", "pk": 20, "fields": {"name": "Can view session", "content_type": 5, "codename": "view_session"}}, {"model": "auth.permission", "pk": 21, "fields": {"name": "Can add User", "content_type": 6, "codename": "add_customuser"}}, {"model": "auth.permission", "pk": 22, "fields": {"name": "Can change User", "content_type": 6, "codename": "change_customuser"}}, {"model": "auth.permission", "pk": 23, "fields": {"name": "Can delete User", "content_type": 6, "codename": "delete_customuser"}}, {"model": "auth.permission", "pk": 24, "fields": {"name": "Can view User", "content_type": 6, "codename": "view_customuser"}}, {"model": "auth.permission", "pk": 25, "fields": {"name": "Can add vendor", "content_type": 7, "codename": "add_vendor"}}, {"model": "auth.permission", "pk": 26, "fields": {"name": "Can change vendor", "content_type": 7, "codename": "change_vendor"}}, {"model": "auth.permission", "pk": 27, "fields": {"name": "Can delete vendor", "content_type": 7, "codename": "delete_vendor"}}, {"model": "auth.permission", "pk": 28, "fields": {"name": "Can view vendor", "content_type": 7, "codename": "view_vendor"}}, {"model": "auth.permission", "pk": 29, "fields": {"name": "Can add temporary data", "content_type": 8, "codename": "add_temporarydata"}}, {"model": "auth.permission", "pk": 30, "fields": {"name": "Can change temporary data", "content_type": 8, "codename": "change_temporarydata"}}, {"model": "auth.permission", "pk": 31, "fields": {"name": "Can delete temporary data", "content_type": 8, "codename": "delete_temporarydata"}}, {"model": "auth.permission", "pk": 32, "fields": {"name": "Can view temporary data", "content_type": 8, "codename": "view_temporarydata"}}, {"model": "auth.permission", "pk": 33, "fields": {"name": "Can add customer", "content_type": 9, "codename": "add_customer"}}, {"model": "auth.permission", "pk": 34, "fields": {"name": "Can change customer", "content_type": 9, "codename": "change_customer"}}, {"model": "auth.permission", "pk": 35, "fields": {"name": "Can delete customer", "content_type": 9, "codename": "delete_customer"}}, {"model": "auth.permission", "pk": 36, "fields": {"name": "Can view customer", "content_type": 9, "codename": "view_customer"}}, {"model": "auth.permission", "pk": 37, "fields": {"name": "Can add admin", "content_type": 10, "codename": "add_admin"}}, {"model": "auth.permission", "pk": 38, "fields": {"name": "Can change admin", "content_type": 10, "codename": "change_admin"}}, {"model": "auth.permission", "pk": 39, "fields": {"name": "Can delete admin", "content_type": 10, "codename": "delete_admin"}}, {"model": "auth.permission", "pk": 40, "fields": {"name": "Can view admin", "content_type": 10, "codename": "view_admin"}}, {"model": "auth.permission", "pk": 41, "fields": {"name": "Can add Brand", "content_type": 11, "codename": "add_probrand"}}, {"model": "auth.permission", "pk": 42, "fields": {"name": "Can change Brand", "content_type": 11, "codename": "change_probrand"}}, {"model": "auth.permission", "pk": 43, "fields": {"name": "Can delete Brand", "content_type": 11, "codename": "delete_probrand"}}, {"model": "auth.permission", "pk": 44, "fields": {"name": "Can view Brand", "content_type": 11, "codename": "view_probrand"}}, {"model": "auth.permission", "pk": 45, "fields": {"name": "Can add Unit", "content_type": 12, "codename": "add_prounit"}}, {"model": "auth.permission", "pk": 46, "fields": {"name": "Can change Unit", "content_type": 12, "codename": "change_prounit"}}, {"model": "auth.permission", "pk": 47, "fields": {"name": "Can delete Unit", "content_type": 12, "codename": "delete_prounit"}}, {"model": "auth.permission", "pk": 48, "fields": {"name": "Can view Unit", "content_type": 12, "codename": "view_prounit"}}, {"model": "auth.permission", "pk": 49, "fields": {"name": "Can add Video Provider", "content_type": 13, "codename": "add_provideoprovider"}}, {"model": "auth.permission", "pk": 50, "fields": {"name": "Can change Video Provider", "content_type": 13, "codename": "change_provideoprovider"}}, {"model": "auth.permission", "pk": 51, "fields": {"name": "Can delete Video Provider", "content_type": 13, "codename": "delete_provideoprovider"}}, {"model": "auth.permission", "pk": 52, "fields": {"name": "Can view Video Provider", "content_type": 13, "codename": "view_provideoprovider"}}, {"model": "auth.permission", "pk": 53, "fields": {"name": "Can add Attribute", "content_type": 14, "codename": "add_productattributes"}}, {"model": "auth.permission", "pk": 54, "fields": {"name": "Can change Attribute", "content_type": 14, "codename": "change_productattributes"}}, {"model": "auth.permission", "pk": 55, "fields": {"name": "Can delete Attribute", "content_type": 14, "codename": "delete_productattributes"}}, {"model": "auth.permission", "pk": 56, "fields": {"name": "Can view Attribute", "content_type": 14, "codename": "view_productattributes"}}, {"model": "auth.permission", "pk": 57, "fields": {"name": "Can add Category", "content_type": 15, "codename": "add_procategory"}}, {"model": "auth.permission", "pk": 58, "fields": {"name": "Can change Category", "content_type": 15, "codename": "change_procategory"}}, {"model": "auth.permission", "pk": 59, "fields": {"name": "Can delete Category", "content_type": 15, "codename": "delete_procategory"}}, {"model": "auth.permission", "pk": 60, "fields": {"name": "Can view Category", "content_type": 15, "codename": "view_procategory"}}, {"model": "auth.permission", "pk": 61, "fields": {"name": "Can add Attribute Value", "content_type": 16, "codename": "add_attributevalue"}}, {"model": "auth.permission", "pk": 62, "fields": {"name": "Can change Attribute Value", "content_type": 16, "codename": "change_attributevalue"}}, {"model": "auth.permission", "pk": 63, "fields": {"name": "Can delete Attribute Value", "content_type": 16, "codename": "delete_attributevalue"}}, {"model": "auth.permission", "pk": 64, "fields": {"name": "Can view Attribute Value", "content_type": 16, "codename": "view_attributevalue"}}, {"model": "auth.permission", "pk": 65, "fields": {"name": "Can add product meta", "content_type": 17, "codename": "add_productmeta"}}, {"model": "auth.permission", "pk": 66, "fields": {"name": "Can change product meta", "content_type": 17, "codename": "change_productmeta"}}, {"model": "auth.permission", "pk": 67, "fields": {"name": "Can delete product meta", "content_type": 17, "codename": "delete_productmeta"}}, {"model": "auth.permission", "pk": 68, "fields": {"name": "Can view product meta", "content_type": 17, "codename": "view_productmeta"}}, {"model": "auth.permission", "pk": 69, "fields": {"name": "Can add Multiple Image", "content_type": 18, "codename": "add_multipleimages"}}, {"model": "auth.permission", "pk": 70, "fields": {"name": "Can change Multiple Image", "content_type": 18, "codename": "change_multipleimages"}}, {"model": "auth.permission", "pk": 71, "fields": {"name": "Can delete Multiple Image", "content_type": 18, "codename": "delete_multipleimages"}}, {"model": "auth.permission", "pk": 72, "fields": {"name": "Can view Multiple Image", "content_type": 18, "codename": "view_multipleimages"}}, {"model": "auth.permission", "pk": 73, "fields": {"name": "Can add Product", "content_type": 19, "codename": "add_product"}}, {"model": "auth.permission", "pk": 74, "fields": {"name": "Can change Product", "content_type": 19, "codename": "change_product"}}, {"model": "auth.permission", "pk": 75, "fields": {"name": "Can delete Product", "content_type": 19, "codename": "delete_product"}}, {"model": "auth.permission", "pk": 76, "fields": {"name": "Can view Product", "content_type": 19, "codename": "view_product"}}, {"model": "auth.permission", "pk": 77, "fields": {"name": "Can add Attribute", "content_type": 20, "codename": "add_attributename"}}, {"model": "auth.permission", "pk": 78, "fields": {"name": "Can change Attribute", "content_type": 20, "codename": "change_attributename"}}, {"model": "auth.permission", "pk": 79, "fields": {"name": "Can delete Attribute", "content_type": 20, "codename": "delete_attributename"}}, {"model": "auth.permission", "pk": 80, "fields": {"name": "Can view Attribute", "content_type": 20, "codename": "view_attributename"}}, {"model": "auth.permission", "pk": 81, "fields": {"name": "Can add Variant", "content_type": 21, "codename": "add_productvariant"}}, {"model": "auth.permission", "pk": 82, "fields": {"name": "Can change Variant", "content_type": 21, "codename": "change_productvariant"}}, {"model": "auth.permission", "pk": 83, "fields": {"name": "Can delete Variant", "content_type": 21, "codename": "delete_productvariant"}}, {"model": "auth.permission", "pk": 84, "fields": {"name": "Can view Variant", "content_type": 21, "codename": "view_productvariant"}}, {"model": "auth.permission", "pk": 85, "fields": {"name": "Can add Review", "content_type": 22, "codename": "add_productreview"}}, {"model": "auth.permission", "pk": 86, "fields": {"name": "Can change Review", "content_type": 22, "codename": "change_productreview"}}, {"model": "auth.permission", "pk": 87, "fields": {"name": "Can delete Review", "content_type": 22, "codename": "delete_productreview"}}, {"model": "auth.permission", "pk": 88, "fields": {"name": "Can view Review", "content_type": 22, "codename": "view_productreview"}}, {"model": "auth.permission", "pk": 89, "fields": {"name": "Can add Banner", "content_type": 23, "codename": "add_banner"}}, {"model": "auth.permission", "pk": 90, "fields": {"name": "Can change Banner", "content_type": 23, "codename": "change_banner"}}, {"model": "auth.permission", "pk": 91, "fields": {"name": "Can delete Banner", "content_type": 23, "codename": "delete_banner"}}, {"model": "auth.permission", "pk": 92, "fields": {"name": "Can view Banner", "content_type": 23, "codename": "view_banner"}}, {"model": "auth.permission", "pk": 93, "fields": {"name": "Can add Banner Type", "content_type": 24, "codename": "add_bannertype"}}, {"model": "auth.permission", "pk": 94, "fields": {"name": "Can change Banner Type", "content_type": 24, "codename": "change_bannertype"}}, {"model": "auth.permission", "pk": 95, "fields": {"name": "Can delete Banner Type", "content_type": 24, "codename": "delete_bannertype"}}, {"model": "auth.permission", "pk": 96, "fields": {"name": "Can view Banner Type", "content_type": 24, "codename": "view_bannertype"}}, {"model": "auth.permission", "pk": 97, "fields": {"name": "Can add Theme", "content_type": 25, "codename": "add_bannertheme"}}, {"model": "auth.permission", "pk": 98, "fields": {"name": "Can change Theme", "content_type": 25, "codename": "change_bannertheme"}}, {"model": "auth.permission", "pk": 99, "fields": {"name": "Can delete Theme", "content_type": 25, "codename": "delete_bannertheme"}}, {"model": "auth.permission", "pk": 100, "fields": {"name": "Can view Theme", "content_type": 25, "codename": "view_bannertheme"}}, {"model": "auth.permission", "pk": 101, "fields": {"name": "Can add currency", "content_type": 26, "codename": "add_currency"}}, {"model": "auth.permission", "pk": 102, "fields": {"name": "Can change currency", "content_type": 26, "codename": "change_currency"}}, {"model": "auth.permission", "pk": 103, "fields": {"name": "Can delete currency", "content_type": 26, "codename": "delete_currency"}}, {"model": "auth.permission", "pk": 104, "fields": {"name": "Can view currency", "content_type": 26, "codename": "view_currency"}}, {"model": "auth.permission", "pk": 105, "fields": {"name": "Can add Comment", "content_type": 27, "codename": "add_blogcomment"}}, {"model": "auth.permission", "pk": 106, "fields": {"name": "Can change Comment", "content_type": 27, "codename": "change_blogcomment"}}, {"model": "auth.permission", "pk": 107, "fields": {"name": "Can delete Comment", "content_type": 27, "codename": "delete_blogcomment"}}, {"model": "auth.permission", "pk": 108, "fields": {"name": "Can view Comment", "content_type": 27, "codename": "view_blogcomment"}}, {"model": "auth.permission", "pk": 109, "fields": {"name": "Can add Blog", "content_type": 28, "codename": "add_blog"}}, {"model": "auth.permission", "pk": 110, "fields": {"name": "Can change Blog", "content_type": 28, "codename": "change_blog"}}, {"model": "auth.permission", "pk": 111, "fields": {"name": "Can delete Blog", "content_type": 28, "codename": "delete_blog"}}, {"model": "auth.permission", "pk": 112, "fields": {"name": "Can view Blog", "content_type": 28, "codename": "view_blog"}}, {"model": "auth.permission", "pk": 113, "fields": {"name": "Can add Blog Category", "content_type": 29, "codename": "add_blogcategory"}}, {"model": "auth.permission", "pk": 114, "fields": {"name": "Can change Blog Category", "content_type": 29, "codename": "change_blogcategory"}}, {"model": "auth.permission", "pk": 115, "fields": {"name": "Can delete Blog Category", "content_type": 29, "codename": "delete_blogcategory"}}, {"model": "auth.permission", "pk": 116, "fields": {"name": "Can view Blog Category", "content_type": 29, "codename": "view_blogcategory"}}, {"model": "auth.group", "pk": 1, "fields": {"name": "Customer", "permissions": []}}, {"model": "auth.group", "pk": 2, "fields": {"name": "Vendor", "permissions": []}}, {"model": "contenttypes.contenttype", "pk": 1, "fields": {"app_label": "admin", "model": "logentry"}}, {"model": "contenttypes.contenttype", "pk": 2, "fields": {"app_label": "auth", "model": "permission"}}, {"model": "contenttypes.contenttype", "pk": 3, "fields": {"app_label": "auth", "model": "group"}}, {"model": "contenttypes.contenttype", "pk": 4, "fields": {"app_label": "contenttypes", "model": "contenttype"}}, {"model": "contenttypes.contenttype", "pk": 5, "fields": {"app_label": "sessions", "model": "session"}}, {"model": "contenttypes.contenttype", "pk": 6, "fields": {"app_label": "accounts", "model": "customuser"}}, {"model": "contenttypes.contenttype", "pk": 7, "fields": {"app_label": "accounts", "model": "vendor"}}, {"model": "contenttypes.contenttype", "pk": 8, "fields": {"app_label": "accounts", "model": "temporarydata"}}, {"model": "contenttypes.contenttype", "pk": 9, "fields": {"app_label": "accounts", "model": "customer"}}, {"model": "contenttypes.contenttype", "pk": 10, "fields": {"app_label": "accounts", "model": "admin"}}, {"model": "contenttypes.contenttype", "pk": 11, "fields": {"app_label": "product", "model": "probrand"}}, {"model": "contenttypes.contenttype", "pk": 12, "fields": {"app_label": "product", "model": "prounit"}}, {"model": "contenttypes.contenttype", "pk": 13, "fields": {"app_label": "product", "model": "provideoprovider"}}, {"model": "contenttypes.contenttype", "pk": 14, "fields": {"app_label": "product", "model": "productattributes"}}, {"model": "contenttypes.contenttype", "pk": 15, "fields": {"app_label": "product", "model": "procategory"}}, {"model": "contenttypes.contenttype", "pk": 16, "fields": {"app_label": "product", "model": "attributevalue"}}, {"model": "contenttypes.contenttype", "pk": 17, "fields": {"app_label": "product", "model": "productmeta"}}, {"model": "contenttypes.contenttype", "pk": 18, "fields": {"app_label": "product", "model": "multipleimages"}}, {"model": "contenttypes.contenttype", "pk": 19, "fields": {"app_label": "product", "model": "product"}}, {"model": "contenttypes.contenttype", "pk": 20, "fields": {"app_label": "product", "model": "attributename"}}, {"model": "contenttypes.contenttype", "pk": 21, "fields": {"app_label": "product", "model": "productvariant"}}, {"model": "contenttypes.contenttype", "pk": 22, "fields": {"app_label": "product", "model": "productreview"}}, {"model": "contenttypes.contenttype", "pk": 23, "fields": {"app_label": "bigdealapp", "model": "banner"}}, {"model": "contenttypes.contenttype", "pk": 24, "fields": {"app_label": "bigdealapp", "model": "bannertype"}}, {"model": "contenttypes.contenttype", "pk": 25, "fields": {"app_label": "bigdealapp", "model": "bannertheme"}}, {"model": "contenttypes.contenttype", "pk": 26, "fields": {"app_label": "currency", "model": "currency"}}, {"model": "contenttypes.contenttype", "pk": 27, "fields": {"app_label": "bigdealapp", "model": "blogcomment"}}, {"model": "contenttypes.contenttype", "pk": 28, "fields": {"app_label": "bigdealapp", "model": "blog"}}, {"model": "contenttypes.contenttype", "pk": 29, "fields": {"app_label": "bigdealapp", "model": "blogcategory"}}, {"model": "sessions.session", "pk": "1igv9vsj4xc8sup1ci4z8x0fqq4kpm4s", "fields": {"session_data": ".eJxVzDkOwjAQheG7uMaW94WSnjNEM-MxCaBEylIh7g6RUkD9_u-9RAfb2nfbwnM3VHEWEAC4apQ-tCA9IspcIkiNCFxKjtSSOP0yBHrwuNt6h_E2KZrGdR5Q7Yk61kVdp8rPy9H-HfSw9F_dOJdUa0rZGNDNYNFBJ4tkCYOH6LSlQL7a7GJh4y2bTM5wclhysEW8P4uCQUo:1qJ94B:ZG3Ua9aqgihCTbNf6Q5szgP9NRJB9vPr1Pg--hemI4M", "expire_date": "2023-07-25T08:49:51.150Z"}}, {"model": "sessions.session", "pk": "2oqwypog7f8sfdj0iaria7dod31choce", "fields": {"session_data": ".eJxVzDkOwjAQheG7uMaW94WSnjNEM-MxCaBEylIh7g6RUkD9_u-9RAfb2nfbwnM3VHEWEAC4apQ-tCA9IspcIkiNCFxKjtSSOP0yBHrwuNt6h_E2KZrGdR5Q7Yk61kVdp8rPy9H-HfSw9F_dOJdUa0rZGNDNYNFBJ4tkCYOH6LSlQL7a7GJh4y2bTM5wclhysEW8P4uCQUo:1qKVNP:mhXT8pLS12aYDexNgjr-tklLZHNy4OXovnRS9SIqINQ", "expire_date": "2023-07-29T02:51:19.437Z"}}, {"model": "sessions.session", "pk": "3aaf8o8nch79av2bsyxk23i6xqzs5up2", "fields": {"session_data": ".eJxVjDkOwjAQRe_iGlveZ0xJzxmiGS-ERYmUpULcnURKAe1_7_236Ghd-m6d69TdizgLiqwTV5bssUmfg5VkA0ls5ByUZiMEcfrNmPKzDntbHjTcRpXHYZnurHZFHXRW17HU1-Vw_w56mvutRtJN16QzckjexZQICkCz3iKT8WYbQ-bCCVo2BSNqj4HJsYkaTBSfLyeVQMI:1qKVYU:wE_eE4ie96epkBd8-DzNEtfAXbuePfmnUFaUAXyjcu0", "expire_date": "2023-07-29T03:02:46.447Z"}}, {"model": "sessions.session", "pk": "44g1eck9ptqlqa8swjiwih85beet1v4q", "fields": {"session_data": ".eJxVzDkOwjAQheG7uMaW94WSnjNEM-MxCaBEylIh7g6RUkD9_u-9RAfb2nfbwnM3VHEWEAC4apQ-tCA9IspcIkiNCFxKjtSSOP0yBHrwuNt6h_E2KZrGdR5Q7Yk61kVdp8rPy9H-HfSw9F_dOJdUa0rZGNDNYNFBJ4tkCYOH6LSlQL7a7GJh4y2bTM5wclhysEW8P4uCQUo:1qIkDa:doI914A_xLetKl-kG2rhlIXS4vYGUUYSmHOzgvM13Cc", "expire_date": "2023-07-24T06:17:54.551Z"}}, {"model": "sessions.session", "pk": "4d50ylfjliw3ntawoiqt5yssevtrq7k6", "fields": {"session_data": ".eJxVzDkOwjAQheG7uMaW94WSnjNEM-MxCaBEylIh7g6RUkD9_u-9RAfb2nfbwnM3VHEWEAC4apQ-tCA9IspcIkiNCFxKjtSSOP0yBHrwuNt6h_E2KZrGdR5Q7Yk61kVdp8rPy9H-HfSw9F_dOJdUa0rZGNDNYNFBJ4tkCYOH6LSlQL7a7GJh4y2bTM5wclhysEW8P4uCQUo:1qJ57F:GzGzCGaaSsoz0hHMD--ZHDc1LdN0SnLyXi-VPiMLrDc", "expire_date": "2023-07-25T04:36:45.240Z"}}, {"model": "sessions.session", "pk": "4kpg7asefn7vpfzujk87z5993f4we77z", "fields": {"session_data": ".eJxVzDkOwjAQheG7uMaW94WSnjNEM-MxCaBEylIh7g6RUkD9_u-9RAfb2nfbwnM3VHEWEAC4apQ-tCA9IspcIkiNCFxKjtSSOP0yBHrwuNt6h_E2KZrGdR5Q7Yk61kVdp8rPy9H-HfSw9F_dOJdUa0rZGNDNYNFBJ4tkCYOH6LSlQL7a7GJh4y2bTM5wclhysEW8P4uCQUo:1qGzTW:M0z5AJte3k15r63BffMKkY0Qnbd_4waFAq_O2zU8rrE", "expire_date": "2023-07-19T10:11:06.017Z"}}, {"model": "sessions.session", "pk": "5c60vc2fulo1hr9pfooxtx6jkbbkq8tq", "fields": {"session_data": ".eJxVzDkOwjAQheG7uMaW94WSnjNEM-MxCaBEylIh7g6RUkD9_u-9RAfb2nfbwnM3VHEWEAC4apQ-tCA9IspcIkiNCFxKjtSSOP0yBHrwuNt6h_E2KZrGdR5Q7Yk61kVdp8rPy9H-HfSw9F_dOJdUa0rZGNDNYNFBJ4tkCYOH6LSlQL7a7GJh4y2bTM5wclhysEW8P4uCQUo:1qJWME:-zug9U92Fi7Rpdwsc_FW83NOiXeRX3Z_WqXP01fs5w8", "expire_date": "2023-07-26T09:42:02.976Z"}}, {"model": "sessions.session", "pk": "5wofa2io63u6qa94xbwsszdr6kvsfwyf", "fields": {"session_data": ".eJxVjDkOwjAQRe_iGlveZ0xJzxmiGS-ERYmUpULcnURKAe1_7_236Ghd-m6d69TdizgLiqwTV5bssUmfg5VkA0ls5ByUZiMEcfrNmPKzDntbHjTcRpXHYZnurHZFHXRW17HU1-Vw_w56mvutRtJN16QzckjexZQICkCz3iKT8WYbQ-bCCVo2BSNqj4HJsYkaTBSfLyeVQMI:1qHIfl:Vaco2i03ZPLkJCqXMhiXLvd_MYY4J7QkVX9-GUUAgcY", "expire_date": "2023-07-20T06:41:01.193Z"}}, {"model": "sessions.session", "pk": "66vewkto8v8fgtlv2oiyeu8ti4enkm4n", "fields": {"session_data": ".eJxVzDkOwjAQheG7uMaW94WSnjNEM-MxCaBEylIh7g6RUkD9_u-9RAfb2nfbwnM3VHEWEAC4apQ-tCA9IspcIkiNCFxKjtSSOP0yBHrwuNt6h_E2KZrGdR5Q7Yk61kVdp8rPy9H-HfSw9F_dOJdUa0rZGNDNYNFBJ4tkCYOH6LSlQL7a7GJh4y2bTM5wclhysEW8P4uCQUo:1qKVH3:c81Cf-GbcTsF-3F1OYS2ZjN_hmNAeF7OrZl61r8ezCI", "expire_date": "2023-07-29T02:44:45.476Z"}}, {"model": "sessions.session", "pk": "6x0xuhdbtgc8n2oibu2we571a71us2gs", "fields": {"session_data": ".eJxVjDkOwjAQRe_iGlveZ0xJzxmiGS-ERYmUpULcnURKAe1_7_236Ghd-m6d69TdizgLiqwTV5bssUmfg5VkA0ls5ByUZiMEcfrNmPKzDntbHjTcRpXHYZnurHZFHXRW17HU1-Vw_w56mvutRtJN16QzckjexZQICkCz3iKT8WYbQ-bCCVo2BSNqj4HJsYkaTBSfLyeVQMI:1qJWKb:5V0H0U5bOS-zYV_LuDAHXYM29rrFwfVvzCusAFYlyo0", "expire_date": "2023-07-26T09:40:21.607Z"}}, {"model": "sessions.session", "pk": "7dwppu5m8quthu7su1gyyrrkpsdh8xhx", "fields": {"session_data": ".eJxVjDkOwjAQRe_iGlveZ0xJzxmiGS-ERYmUpULcnURKAe1_7_236Ghd-m6d69TdizgLiqwTV5bssUmfg5VkA0ls5ByUZiMEcfrNmPKzDntbHjTcRpXHYZnurHZFHXRW17HU1-Vw_w56mvutRtJN16QzckjexZQICkCz3iKT8WYbQ-bCCVo2BSNqj4HJsYkaTBSfLyeVQMI:1qJnJy:bcX_VkUtj8QGB3P9k5GVIthPW3eCpkGcIcgSV6x5SrU", "expire_date": "2023-07-27T03:48:50.848Z"}}, {"model": "sessions.session", "pk": "8n0xo1wd1jocuwfqkmxwq4herax3inun", "fields": {"session_data": ".eJxVjDkOwjAQRe_iGlveZ0xJzxmiGS-ERYmUpULcnURKAe1_7_236Ghd-m6d69TdizgLiqwTV5bssUmfg5VkA0ls5ByUZiMEcfrNmPKzDntbHjTcRpXHYZnurHZFHXRW17HU1-Vw_w56mvutRtJN16QzckjexZQICkCz3iKT8WYbQ-bCCVo2BSNqj4HJsYkaTBSfLyeVQMI:1qHe2w:lPLnZcfz5Zrb7MvotQXx5ySWGaLcEiTSBajP5b6tVxg", "expire_date": "2023-07-21T05:30:22.075Z"}}, {"model": "sessions.session", "pk": "92yfr0hl2emay8ebkbr6kvh9pn5t0zj1", "fields": {"session_data": ".eJxVzDkOwjAQheG7uMaW94WSnjNEM-MxCaBEylIh7g6RUkD9_u-9RAfb2nfbwnM3VHEWEAC4apQ-tCA9IspcIkiNCFxKjtSSOP0yBHrwuNt6h_E2KZrGdR5Q7Yk61kVdp8rPy9H-HfSw9F_dOJdUa0rZGNDNYNFBJ4tkCYOH6LSlQL7a7GJh4y2bTM5wclhysEW8P4uCQUo:1qJ99q:hOX2ftLUDlhbOBLyaoESiDRBURKNPx9o7jDOg9Tlmwg", "expire_date": "2023-07-25T08:55:42.409Z"}}, {"model": "sessions.session", "pk": "971rna449oqzh5urn9yq5wtpty07eerv", "fields": {"session_data": ".eJxVjDkOwjAQRe_iGlveZ0xJzxmiGS-ERYmUpULcnURKAe1_7_236Ghd-m6d69TdizgLiqwTV5bssUmfg5VkA0ls5ByUZiMEcfrNmPKzDntbHjTcRpXHYZnurHZFHXRW17HU1-Vw_w56mvutRtJN16QzckjexZQICkCz3iKT8WYbQ-bCCVo2BSNqj4HJsYkaTBSfLyeVQMI:1qGt6o:LutO3jF3teox0uw4xb_GQof21KtjbD3ditLRtOHMkng", "expire_date": "2023-07-19T03:23:14.998Z"}}, {"model": "sessions.session", "pk": "9o8svxoztmxcw5qgagepgh7ngxtr9fd2", "fields": {"session_data": ".eJxVjDkOwjAQRe_iGlveZ0xJzxmiGS-ERYmUpULcnURKAe1_7_236Ghd-m6d69TdizgLiqwTV5bssUmfg5VkA0ls5ByUZiMEcfrNmPKzDntbHjTcRpXHYZnurHZFHXRW17HU1-Vw_w56mvutRtJN16QzckjexZQICkCz3iKT8WYbQ-bCCVo2BSNqj4HJsYkaTBSfLyeVQMI:1qHjwS:XBuadVOzNRo4ZaXmcfgNNGAGg1rlX7qHxU4LcjJwkj4", "expire_date": "2023-07-21T11:48:04.046Z"}}, {"model": "sessions.session", "pk": "acvcat13hhp4gyyf0rm8vbj4etajt8b9", "fields": {"session_data": ".eJxVzDkOwjAQheG7uMaW94WSnjNEM-MxCaBEylIh7g6RUkD9_u-9RAfb2nfbwnM3VHEWEAC4apQ-tCA9IspcIkiNCFxKjtSSOP0yBHrwuNt6h_E2KZrGdR5Q7Yk61kVdp8rPy9H-HfSw9F_dOJdUa0rZGNDNYNFBJ4tkCYOH6LSlQL7a7GJh4y2bTM5wclhysEW8P4uCQUo:1qHjRa:60cbsmHmUzCXhgJutkQX1aU5OlnZGfk8rK5ueOUC0E0", "expire_date": "2023-07-21T11:16:10.810Z"}}, {"model": "sessions.session", "pk": "augwimtwowhaaw7xu3ms8omfk0a1re2d", "fields": {"session_data": ".eJxVzDkOwjAQheG7uMaW94WSnjNEM-MxCaBEylIh7g6RUkD9_u-9RAfb2nfbwnM3VHEWEAC4apQ-tCA9IspcIkiNCFxKjtSSOP0yBHrwuNt6h_E2KZrGdR5Q7Yk61kVdp8rPy9H-HfSw9F_dOJdUa0rZGNDNYNFBJ4tkCYOH6LSlQL7a7GJh4y2bTM5wclhysEW8P4uCQUo:1qInpi:kg3hr7FhAgypmMyjN-w-gBsmRnnCcr6bqrOL8s_L7VA", "expire_date": "2023-07-24T10:09:30.131Z"}}, {"model": "sessions.session", "pk": "cb903cmgsw2a382btx55yonxfziydmsd", "fields": {"session_data": ".eJxVjDkOwjAQRe_iGlveZ0xJzxmiGS-ERYmUpULcnURKAe1_7_236Ghd-m6d69TdizgLiqwTV5bssUmfg5VkA0ls5ByUZiMEcfrNmPKzDntbHjTcRpXHYZnurHZFHXRW17HU1-Vw_w56mvutRtJN16QzckjexZQICkCz3iKT8WYbQ-bCCVo2BSNqj4HJsYkaTBSfLyeVQMI:1qJ43S:-PAWcvxf1H3-Kb99Cmn8pXiUJrpdbqA6UGkbLWx_0OQ", "expire_date": "2023-07-25T03:28:46.791Z"}}, {"model": "sessions.session", "pk": "cvpcnh7iwd988np0augvmxxki14c7a0v", "fields": {"session_data": ".eJxVzDkOwjAQheG7uMaW94WSnjNEM-MxCaBEylIh7g6RUkD9_u-9RAfb2nfbwnM3VHEWEAC4apQ-tCA9IspcIkiNCFxKjtSSOP0yBHrwuNt6h_E2KZrGdR5Q7Yk61kVdp8rPy9H-HfSw9F_dOJdUa0rZGNDNYNFBJ4tkCYOH6LSlQL7a7GJh4y2bTM5wclhysEW8P4uCQUo:1qJQOX:G8VQ1WeTBLFVEEVvmDCkI6Knmy5HWYOc_th6XQyaiP8", "expire_date": "2023-07-26T03:20:01.936Z"}}, {"model": "sessions.session", "pk": "d4yt6zim73p1j6aob85s3vfkcyvi9zxf", "fields": {"session_data": ".eJxVzDkOwjAQheG7uMaW94WSnjNEM-MxCaBEylIh7g6RUkD9_u-9RAfb2nfbwnM3VHEWEAC4apQ-tCA9IspcIkiNCFxKjtSSOP0yBHrwuNt6h_E2KZrGdR5Q7Yk61kVdp8rPy9H-HfSw9F_dOJdUa0rZGNDNYNFBJ4tkCYOH6LSlQL7a7GJh4y2bTM5wclhysEW8P4uCQUo:1qLEm0:57ga6NEtsD-9UWVEcZsBLlvCFmj2qsdFdp20uGyP4-E", "expire_date": "2023-07-31T03:19:44.808Z"}}, {"model": "sessions.session", "pk": "dq4dn29dnanyw2xdvr8ykdq3r20beypz", "fields": {"session_data": ".eJxVzDkOwjAQheG7uMaW94WSnjNEM-MxCaBEylIh7g6RUkD9_u-9RAfb2nfbwnM3VHEWEAC4apQ-tCA9IspcIkiNCFxKjtSSOP0yBHrwuNt6h_E2KZrGdR5Q7Yk61kVdp8rPy9H-HfSw9F_dOJdUa0rZGNDNYNFBJ4tkCYOH6LSlQL7a7GJh4y2bTM5wclhysEW8P4uCQUo:1qLJV1:tbVyf3QRIjYUwrckhWp2fBK0gajeukabKT7uNEfB5OY", "expire_date": "2023-07-31T08:22:31.162Z"}}, {"model": "sessions.session", "pk": "e28dhxo370qdonzowqw7jg9jnz0a53pg", "fields": {"session_data": ".eJxVzDkOwjAQheG7uMaW94WSnjNEM-MxCaBEylIh7g6RUkD9_u-9RAfb2nfbwnM3VHEWEAC4apQ-tCA9IspcIkiNCFxKjtSSOP0yBHrwuNt6h_E2KZrGdR5Q7Yk61kVdp8rPy9H-HfSw9F_dOJdUa0rZGNDNYNFBJ4tkCYOH6LSlQL7a7GJh4y2bTM5wclhysEW8P4uCQUo:1qK9EG:ymIyCrfJXNFm-ER64_fY-Q2OfehTuLMDYD4sdfO5SJM", "expire_date": "2023-07-28T03:12:24.150Z"}}, {"model": "sessions.session", "pk": "e9uptm3lref0saekg9wead18sj5kwqzt", "fields": {"session_data": ".eJxVzDkOwjAQheG7uMaW94WSnjNEM-MxCaBEylIh7g6RUkD9_u-9RAfb2nfbwnM3VHEWEAC4apQ-tCA9IspcIkiNCFxKjtSSOP0yBHrwuNt6h_E2KZrGdR5Q7Yk61kVdp8rPy9H-HfSw9F_dOJdUa0rZGNDNYNFBJ4tkCYOH6LSlQL7a7GJh4y2bTM5wclhysEW8P4uCQUo:1qJ4y3:pgfDdeTsep53syMW7C-8VadqZeSXTx_DMFEGyQUwcJk", "expire_date": "2023-07-25T04:27:15.509Z"}}, {"model": "sessions.session", "pk": "fl9gi9bqnb0xu7jud1if4quxgdqyvi6t", "fields": {"session_data": ".eJxVzDkOwjAQheG7uMaW94WSnjNEM-MxCaBEylIh7g6RUkD9_u-9RAfb2nfbwnM3VHEWEAC4apQ-tCA9IspcIkiNCFxKjtSSOP0yBHrwuNt6h_E2KZrGdR5Q7Yk61kVdp8rPy9H-HfSw9F_dOJdUa0rZGNDNYNFBJ4tkCYOH6LSlQL7a7GJh4y2bTM5wclhysEW8P4uCQUo:1qJ57W:iUkVoxXCb6mukSpUYYQzPGD1Fn_3c7c1bFHAUM4-itg", "expire_date": "2023-07-25T04:37:02.123Z"}}, {"model": "sessions.session", "pk": "fqjzn59ccmegq0rxost8xmdxoterkcpj", "fields": {"session_data": ".eJxVzDkOwjAQheG7uMaW94WSnjNEM-MxCaBEylIh7g6RUkD9_u-9RAfb2nfbwnM3VHEWEAC4apQ-tCA9IspcIkiNCFxKjtSSOP0yBHrwuNt6h_E2KZrGdR5Q7Yk61kVdp8rPy9H-HfSw9F_dOJdUa0rZGNDNYNFBJ4tkCYOH6LSlQL7a7GJh4y2bTM5wclhysEW8P4uCQUo:1qKCCp:P7BcxyQ2hZ4M1LE_1OFgup4YIrzcIbperwWIPYqN2G8", "expire_date": "2023-07-28T06:23:07.487Z"}}, {"model": "sessions.session", "pk": "hlbrs1ycg20hbbvhv4st37pay494pgh1", "fields": {"session_data": ".eJxVzDkOwjAQheG7uMaW94WSnjNEM-MxCaBEylIh7g6RUkD9_u-9RAfb2nfbwnM3VHEWEAC4apQ-tCA9IspcIkiNCFxKjtSSOP0yBHrwuNt6h_E2KZrGdR5Q7Yk61kVdp8rPy9H-HfSw9F_dOJdUa0rZGNDNYNFBJ4tkCYOH6LSlQL7a7GJh4y2bTM5wclhysEW8P4uCQUo:1qHc5J:obAnu9y-Qj1SWul6iE-z9r1E_DFY7fQVwlt2TH9YGls", "expire_date": "2023-07-21T03:24:41.028Z"}}, {"model": "sessions.session", "pk": "k8ve37wnlpy0851g7gszhawvbqy1feta", "fields": {"session_data": ".eJxVjDkOwjAQRe_iGlveZ0xJzxmiGS-ERYmUpULcnURKAe1_7_236Ghd-m6d69TdizgLiqwTV5bssUmfg5VkA0ls5ByUZiMEcfrNmPKzDntbHjTcRpXHYZnurHZFHXRW17HU1-Vw_w56mvutRtJN16QzckjexZQICkCz3iKT8WYbQ-bCCVo2BSNqj4HJsYkaTBSfLyeVQMI:1qGzT3:l1h-6Fqqm6GDFBkwiVe3RcxxprpE2z-XiDDhSCnb39k", "expire_date": "2023-07-19T10:10:37.067Z"}}, {"model": "sessions.session", "pk": "kbeh378jfldxhpcwl1qyzni8pbw8pd5o", "fields": {"session_data": ".eJxVzDkOwjAQheG7uMaW94WSnjNEM-MxCaBEylIh7g6RUkD9_u-9RAfb2nfbwnM3VHEWEAC4apQ-tCA9IspcIkiNCFxKjtSSOP0yBHrwuNt6h_E2KZrGdR5Q7Yk61kVdp8rPy9H-HfSw9F_dOJdUa0rZGNDNYNFBJ4tkCYOH6LSlQL7a7GJh4y2bTM5wclhysEW8P4uCQUo:1qImGx:LqTAtaJdfubg932kzI-43qRtweKAwJ93kUrggHAPtrI", "expire_date": "2023-07-24T08:29:31.115Z"}}, {"model": "sessions.session", "pk": "laswjjtzuae84814jq1i1hj8o85nrrn4", "fields": {"session_data": ".eJxVzDkOwjAQheG7uMaW94WSnjNEM-MxCaBEylIh7g6RUkD9_u-9RAfb2nfbwnM3VHEWEAC4apQ-tCA9IspcIkiNCFxKjtSSOP0yBHrwuNt6h_E2KZrGdR5Q7Yk61kVdp8rPy9H-HfSw9F_dOJdUa0rZGNDNYNFBJ4tkCYOH6LSlQL7a7GJh4y2bTM5wclhysEW8P4uCQUo:1qJQOA:ER1pxpriwV-XyKZ9AK8Cr9nVODFf2-2DyPcQc85wr90", "expire_date": "2023-07-26T03:19:38.213Z"}}, {"model": "sessions.session", "pk": "lxo4khv24vxjlakqxkcmm107ccclzkgc", "fields": {"session_data": ".eJxVjDkOwjAQRe_iGlveZ0xJzxmiGS-ERYmUpULcnURKAe1_7_236Ghd-m6d69TdizgLiqwTV5bssUmfg5VkA0ls5ByUZiMEcfrNmPKzDntbHjTcRpXHYZnurHZFHXRW17HU1-Vw_w56mvutRtJN16QzckjexZQICkCz3iKT8WYbQ-bCCVo2BSNqj4HJsYkaTBSfLyeVQMI:1qGdWZ:il--m3Ffvn8XVISur1kOQ45XeMQ4UrKvIqI-QPKdIwM", "expire_date": "2023-07-18T10:44:47.203Z"}}, {"model": "sessions.session", "pk": "m6gla93hchnkna4vohaxr2je1d4ls3g0", "fields": {"session_data": ".eJxVjDkOwjAQRe_iGlveZ0xJzxmiGS-ERYmUpULcnURKAe1_7_236Ghd-m6d69TdizgLiqwTV5bssUmfg5VkA0ls5ByUZiMEcfrNmPKzDntbHjTcRpXHYZnurHZFHXRW17HU1-Vw_w56mvutRtJN16QzckjexZQICkCz3iKT8WYbQ-bCCVo2BSNqj4HJsYkaTBSfLyeVQMI:1qHzgX:vyLQbK308s3vICc_Uo9EmFWdQ66mRyo2wnDqe0Hyb3w", "expire_date": "2023-07-22T04:36:41.445Z"}}, {"model": "sessions.session", "pk": "o5n5nxbqht3g5o06ic5i4lka21w6rh6v", "fields": {"session_data": ".eJxVzDkOwjAQheG7uMaW94WSnjNEM-MxCaBEylIh7g6RUkD9_u-9RAfb2nfbwnM3VHEWEAC4apQ-tCA9IspcIkiNCFxKjtSSOP0yBHrwuNt6h_E2KZrGdR5Q7Yk61kVdp8rPy9H-HfSw9F_dOJdUa0rZGNDNYNFBJ4tkCYOH6LSlQL7a7GJh4y2bTM5wclhysEW8P4uCQUo:1qHyFS:3Qza1xr2bJBeB-CE-OD5Z_27aCl7UrRZayQVy07p7_s", "expire_date": "2023-07-22T03:04:38.750Z"}}, {"model": "sessions.session", "pk": "pd1t3xot5iacs3amfgow0bmarpejyszl", "fields": {"session_data": ".eJxVzDkOwjAQheG7uMaW94WSnjNEM-MxCaBEylIh7g6RUkD9_u-9RAfb2nfbwnM3VHEWEAC4apQ-tCA9IspcIkiNCFxKjtSSOP0yBHrwuNt6h_E2KZrGdR5Q7Yk61kVdp8rPy9H-HfSw9F_dOJdUa0rZGNDNYNFBJ4tkCYOH6LSlQL7a7GJh4y2bTM5wclhysEW8P4uCQUo:1qJmnJ:k6iCVMcPK04kMsJSfWkmy9rKN3dpfBzwfRfTDax6sUQ", "expire_date": "2023-07-27T03:15:05.843Z"}}, {"model": "sessions.session", "pk": "pzukvdguyl9cduifspox2pp7pame1bs1", "fields": {"session_data": ".eJxVzDkOwjAQheG7uMaW94WSnjNEM-MxCaBEylIh7g6RUkD9_u-9RAfb2nfbwnM3VHEWEAC4apQ-tCA9IspcIkiNCFxKjtSSOP0yBHrwuNt6h_E2KZrGdR5Q7Yk61kVdp8rPy9H-HfSw9F_dOJdUa0rZGNDNYNFBJ4tkCYOH6LSlQL7a7GJh4y2bTM5wclhysEW8P4uCQUo:1qK9Dz:IXqBtfOtM6eMSM2qlVc-qErgxD5IvJMFqIy1Cs4moMw", "expire_date": "2023-07-28T03:12:07.289Z"}}, {"model": "sessions.session", "pk": "qvlqj15wfl203j780jcg5504p1l249bm", "fields": {"session_data": ".eJxVzDkOwjAQheG7uMaW94WSnjNEM-MxCaBEylIh7g6RUkD9_u-9RAfb2nfbwnM3VHEWEAC4apQ-tCA9IspcIkiNCFxKjtSSOP0yBHrwuNt6h_E2KZrGdR5Q7Yk61kVdp8rPy9H-HfSw9F_dOJdUa0rZGNDNYNFBJ4tkCYOH6LSlQL7a7GJh4y2bTM5wclhysEW8P4uCQUo:1qHFCJ:QbWlAR6hDoaQ3d6qXqrfaxf3W-To-ZzF-5NAaw85OVs", "expire_date": "2023-07-20T02:58:23.314Z"}}, {"model": "sessions.session", "pk": "r9eo1d1cnnx69704vp5wrly8na2dw1kx", "fields": {"session_data": ".eJxVjDkOwjAQRe_iGlveZ0xJzxmiGS-ERYmUpULcnURKAe1_7_236Ghd-m6d69TdizgLiqwTV5bssUmfg5VkA0ls5ByUZiMEcfrNmPKzDntbHjTcRpXHYZnurHZFHXRW17HU1-Vw_w56mvutRtJN16QzckjexZQICkCz3iKT8WYbQ-bCCVo2BSNqj4HJsYkaTBSfLyeVQMI:1qLFB8:0YAMA9pTco87PNHeHYoal6p4LwSdEryHi7KSV0st-MM", "expire_date": "2023-07-31T03:45:42.591Z"}}, {"model": "sessions.session", "pk": "u3yi2w6mpk9pwlyqq2jil4h9czq4s7ih", "fields": {"session_data": ".eJxVzDkOwjAQheG7uMaW94WSnjNEM-MxCaBEylIh7g6RUkD9_u-9RAfb2nfbwnM3VHEWEAC4apQ-tCA9IspcIkiNCFxKjtSSOP0yBHrwuNt6h_E2KZrGdR5Q7Yk61kVdp8rPy9H-HfSw9F_dOJdUa0rZGNDNYNFBJ4tkCYOH6LSlQL7a7GJh4y2bTM5wclhysEW8P4uCQUo:1qLGYn:UjFaHON2EtvrS33YY0fMSIl-8sFxjORZyWDYI00_i8g", "expire_date": "2023-07-31T05:14:13.195Z"}}, {"model": "sessions.session", "pk": "v5593wvkwedgicq3i05woiklgd6izg7b", "fields": {"session_data": ".eJxVjDkOwjAQRe_iGlveZ0xJzxmiGS-ERYmUpULcnURKAe1_7_236Ghd-m6d69TdizgLiqwTV5bssUmfg5VkA0ls5ByUZiMEcfrNmPKzDntbHjTcRpXHYZnurHZFHXRW17HU1-Vw_w56mvutRtJN16QzckjexZQICkCz3iKT8WYbQ-bCCVo2BSNqj4HJsYkaTBSfLyeVQMI:1qKAPD:MDp-M2q2DF_xZUkBOANZ0cPpbNmBo_t5_gmJs6uHhtE", "expire_date": "2023-07-28T04:27:47.742Z"}}, {"model": "sessions.session", "pk": "x2ydp56el2s7jhk5gdxjd3dqoxlbpqhe", "fields": {"session_data": ".eJxVjDkOwjAQRe_iGlveZ0xJzxmiGS-ERYmUpULcnURKAe1_7_236Ghd-m6d69TdizgLiqwTV5bssUmfg5VkA0ls5ByUZiMEcfrNmPKzDntbHjTcRpXHYZnurHZFHXRW17HU1-Vw_w56mvutRtJN16QzckjexZQICkCz3iKT8WYbQ-bCCVo2BSNqj4HJsYkaTBSfLyeVQMI:1qIhl7:VD6Cw5_oj25hVQadcPzNd9D6nD3Pkr0m_mj6VEFUarU", "expire_date": "2023-07-24T03:40:21.739Z"}}, {"model": "sessions.session", "pk": "xqz6ggtlfrlbbwnobzvq8ajynky1z9yw", "fields": {"session_data": ".eJxVzDkOwjAQheG7uMaW94WSnjNEM-MxCaBEylIh7g6RUkD9_u-9RAfb2nfbwnM3VHEWEAC4apQ-tCA9IspcIkiNCFxKjtSSOP0yBHrwuNt6h_E2KZrGdR5Q7Yk61kVdp8rPy9H-HfSw9F_dOJdUa0rZGNDNYNFBJ4tkCYOH6LSlQL7a7GJh4y2bTM5wclhysEW8P4uCQUo:1qJWLx:05jxWWwWksch3YwYvN5SsGp5PL3-0wRk-HR0hTt8cjk", "expire_date": "2023-07-26T09:41:45.787Z"}}, {"model": "sessions.session", "pk": "y95ec6c2mj4sy2y9uvhc69udxzl321qc", "fields": {"session_data": ".eJxVzDkOwjAQheG7uMaW94WSnjNEM-MxCaBEylIh7g6RUkD9_u-9RAfb2nfbwnM3VHEWEAC4apQ-tCA9IspcIkiNCFxKjtSSOP0yBHrwuNt6h_E2KZrGdR5Q7Yk61kVdp8rPy9H-HfSw9F_dOJdUa0rZGNDNYNFBJ4tkCYOH6LSlQL7a7GJh4y2bTM5wclhysEW8P4uCQUo:1qLFPF:nzbO8RST5orIgKIqwVzWhN9PlWK9Sl7Rp5anlP63AnU", "expire_date": "2023-07-31T04:00:17.125Z"}}, {"model": "sessions.session", "pk": "za1nuxyty8u6xypqsqmcvhzt7n4r06kh", "fields": {"session_data": ".eJxVzDkOwjAQheG7uMaW94WSnjNEM-MxCaBEylIh7g6RUkD9_u-9RAfb2nfbwnM3VHEWEAC4apQ-tCA9IspcIkiNCFxKjtSSOP0yBHrwuNt6h_E2KZrGdR5Q7Yk61kVdp8rPy9H-HfSw9F_dOJdUa0rZGNDNYNFBJ4tkCYOH6LSlQL7a7GJh4y2bTM5wclhysEW8P4uCQUo:1qIhWG:2Sm8fDpsfmd-wPDr53Ml5-gLSIJDwKQvxF_AokiZ88M", "expire_date": "2023-07-24T03:25:00.530Z"}}, {"model": "sessions.session", "pk": "ziml5gp4t2wnoxqi92kejr4c39ggxkd5", "fields": {"session_data": ".eJxVzDkOwjAQheG7uMaW94WSnjNEM-MxCaBEylIh7g6RUkD9_u-9RAfb2nfbwnM3VHEWEAC4apQ-tCA9IspcIkiNCFxKjtSSOP0yBHrwuNt6h_E2KZrGdR5Q7Yk61kVdp8rPy9H-HfSw9F_dOJdUa0rZGNDNYNFBJ4tkCYOH6LSlQL7a7GJh4y2bTM5wclhysEW8P4uCQUo:1qLJUn:_6kETNDwy4AeJ-MdQ_lJ5wBJ10LWhGRpeEcWQZ-Vy6I", "expire_date": "2023-07-31T08:22:17.003Z"}}, {"model": "bigdealapp.bannertheme", "pk": "180572a1-e052-45ae-be92-e8eb85d67937", "fields": {"bannerThemeName": "Grocery Demo", "slug": "grocery-demo"}}, {"model": "bigdealapp.bannertheme", "pk": "1be2e0d0-5a58-4043-8d07-92e14193a3a7", "fields": {"bannerThemeName": "Tools Demo", "slug": "tools-demo"}}, {"model": "bigdealapp.bannertheme", "pk": "2a6ad75d-bbee-4c97-86ae-a7688968b479", "fields": {"bannerThemeName": "Farming Demo", "slug": "farming-demo"}}, {"model": "bigdealapp.bannertheme", "pk": "3d0a8d5d-b129-4841-9ee8-33f5b55e3c24", "fields": {"bannerThemeName": "Vegetable Demo", "slug": "vegetable-demo"}}, {"model": "bigdealapp.bannertheme", "pk": "5405563a-a282-4a72-bf07-6d8b3f32bffd", "fields": {"bannerThemeName": "Electronics Demo", "slug": "electronics-demo"}}, {"model": "bigdealapp.bannertheme", "pk": "6d6ed1d8-6099-4191-8e23-25797560c245", "fields": {"bannerThemeName": "Megastore1 Demo", "slug": "megastore1-demo"}}, {"model": "bigdealapp.bannertheme", "pk": "9867cd7d-6839-4ecf-a5ab-3405823fba41", "fields": {"bannerThemeName": "Kids Demo", "slug": "kids-demo"}}, {"model": "bigdealapp.bannertheme", "pk": "c5347c25-f4b5-4ee4-8094-17dccdbcb0f8", "fields": {"bannerThemeName": "Megastore2 Demo", "slug": "megastore2-demo"}}, {"model": "bigdealapp.bannertheme", "pk": "c971a213-2ce8-4f9d-b05b-69365d51ed8e", "fields": {"bannerThemeName": "Megastore3 Demo", "slug": "megastore3-demo"}}, {"model": "bigdealapp.bannertheme", "pk": "d21ee96a-c07e-4e71-9bf6-f33a39764290", "fields": {"bannerThemeName": "Cosmetic Demo", "slug": "cosmetic-demo"}}, {"model": "bigdealapp.bannertheme", "pk": "d48705c7-d5a7-45ff-90ac-e77fca6237df", "fields": {"bannerThemeName": "Megastore5 Demo", "slug": "megastore5-demo"}}, {"model": "bigdealapp.bannertheme", "pk": "da61bf23-a6a3-4693-ae02-4105aa07600e", "fields": {"bannerThemeName": "Digital Marketplace demo", "slug": "digital-marketplace-demo"}}, {"model": "bigdealapp.bannertheme", "pk": "eefa9fad-bb3b-48d8-a6c1-8512199a1e0f", "fields": {"bannerThemeName": "Pets Demo", "slug": "pets-demo"}}, {"model": "bigdealapp.bannertheme", "pk": "f82cbff1-0b6a-4a7a-8ec4-84ca6fcf5ef9", "fields": {"bannerThemeName": "Furniture Demo", "slug": "furniture-demo"}}, {"model": "bigdealapp.bannertheme", "pk": "faade548-bda0-44c5-8779-32739e05c30c", "fields": {"bannerThemeName": "Megastore4 Demo", "slug": "megastore4-demo"}}, {"model": "bigdealapp.bannertype", "pk": "0f88fd02-9fc3-442e-adf2-3a2329809d9f", "fields": {"bannerTypeName": "Collection Banner", "slug": "collection-banner"}}, {"model": "bigdealapp.bannertype", "pk": "1757559b-0394-4d46-89a9-3f369cae29de", "fields": {"bannerTypeName": "Jewellery Banner", "slug": "jewellery-banner"}}, {"model": "bigdealapp.bannertype", "pk": "24a223c1-575f-4d95-86f0-d03dd533e62a", "fields": {"bannerTypeName": "Media Banner", "slug": "media-banner"}}, {"model": "bigdealapp.bannertype", "pk": "3251760f-9a3d-40f8-9dd5-4f65f09076b3", "fields": {"bannerTypeName": "Banner", "slug": "banner"}}, {"model": "bigdealapp.bannertype", "pk": "3e2761de-a537-497a-b524-006d41809551", "fields": {"bannerTypeName": "Sideslider", "slug": "sideslider"}}, {"model": "bigdealapp.bannertype", "pk": "48df2db6-dfa5-4e56-8d87-406b32b050aa", "fields": {"bannerTypeName": "Sale Banner", "slug": "sale-banner"}}, {"model": "bigdealapp.bannertype", "pk": "5cf87118-9b7a-47be-9d32-0ffbd780b7ee", "fields": {"bannerTypeName": "Left Banner", "slug": "left-banner"}}, {"model": "bigdealapp.bannertype", "pk": "7ad3d5dd-888f-48d1-ba0c-de08fd352321", "fields": {"bannerTypeName": "Slider", "slug": "slider"}}, {"model": "bigdealapp.bannertype", "pk": "895be818-6d6b-448f-a273-81cf12297d9e", "fields": {"bannerTypeName": "Sidebanner", "slug": "sidebanner"}}, {"model": "bigdealapp.bannertype", "pk": "b91d0c50-7b54-4c53-8c5f-462882d83351", "fields": {"bannerTypeName": "Timer", "slug": "timer"}}, {"model": "bigdealapp.bannertype", "pk": "c1e08839-f30f-4910-b4c4-4c96b333cd48", "fields": {"bannerTypeName": "Shop Banner", "slug": "shop-banner"}}, {"model": "bigdealapp.bannertype", "pk": "d3cc343c-fefb-4980-8b9e-3316579e3b43", "fields": {"bannerTypeName": "Instagram", "slug": "instagram"}}, {"model": "bigdealapp.bannertype", "pk": "d7f9ae20-8971-4a78-b70f-66007eae0bc0", "fields": {"bannerTypeName": "Right Banner", "slug": "right-banner"}}, {"model": "bigdealapp.banner", "pk": "0311b65b-806a-4487-ab54-d5fde519c856", "fields": {"bannerTheme": "5405563a-a282-4a72-bf07-6d8b3f32bffd", "bannerType": "24a223c1-575f-4d95-86f0-d03dd533e62a", "bannerProduct": "82ac4e95-ab4d-44d6-a892-5fd9c06fcab8", "bannerImage": "fashion/banner/1_BMyzr7c.jpg", "bannerImageTwo": "", "titleOne": "dress", "titleTwo": "", "titleThree": "", "titleFour": ""}}, {"model": "bigdealapp.banner", "pk": "03442038-4e91-4da3-b4cd-20f9a23eea46", "fields": {"bannerTheme": "6d6ed1d8-6099-4191-8e23-25797560c245", "bannerType": "3251760f-9a3d-40f8-9dd5-4f65f09076b3", "bannerProduct": "801c159b-8b9d-4f01-902a-0ea8680c1542", "bannerImage": "fashion/banner/7.jpg", "bannerImageTwo": "", "titleOne": "second banner", "titleTwo": "", "titleThree": "", "titleFour": ""}}, {"model": "bigdealapp.banner", "pk": "04721ae4-b101-4517-aed3-c6d2f7404ff5", "fields": {"bannerTheme": "c971a213-2ce8-4f9d-b05b-69365d51ed8e", "bannerType": "0f88fd02-9fc3-442e-adf2-3a2329809d9f", "bannerProduct": "4e80ad8d-2789-4cb6-b0e1-e5d11abf6946", "bannerImage": "fashion/banner/12_RWbRenY.jpg", "bannerImageTwo": "", "titleOne": "night bad", "titleTwo": "", "titleThree": "", "titleFour": ""}}, {"model": "bigdealapp.banner", "pk": "07a23c6a-0dda-49e6-96be-9b0921caa228", "fields": {"bannerTheme": "5405563a-a282-4a72-bf07-6d8b3f32bffd", "bannerType": "24a223c1-575f-4d95-86f0-d03dd533e62a", "bannerProduct": "bf4dc060-7b5d-461b-a42d-f21099115be5", "bannerImage": "fashion/banner/2_GGIysGK.jpg", "bannerImageTwo": "", "titleOne": "simple dress", "titleTwo": "", "titleThree": "", "titleFour": ""}}, {"model": "bigdealapp.banner", "pk": "087ca7aa-090f-4769-8d03-3742390c40ea", "fields": {"bannerTheme": "c971a213-2ce8-4f9d-b05b-69365d51ed8e", "bannerType": "d3cc343c-fefb-4980-8b9e-3316579e3b43", "bannerProduct": "fca5a5b1-0a96-4a06-b502-af30c6679259", "bannerImage": "fashion/banner/5_MS7L9Wz.jpg", "bannerImageTwo": "", "titleOne": "insta-5", "titleTwo": "", "titleThree": "", "titleFour": ""}}, {"model": "bigdealapp.banner", "pk": "09345154-8692-47d5-a29d-658426f2417a", "fields": {"bannerTheme": "d48705c7-d5a7-45ff-90ac-e77fca6237df", "bannerType": "0f88fd02-9fc3-442e-adf2-3a2329809d9f", "bannerProduct": "3f290e90-f52b-495f-b75b-86da11fe542b", "bannerImage": "fashion/banner/3_qAtI101.jpg", "bannerImageTwo": "", "titleOne": "Asus pro", "titleTwo": "", "titleThree": "", "titleFour": ""}}, {"model": "bigdealapp.banner", "pk": "0ce74d32-2012-4a19-8737-9f06e8e0b02c", "fields": {"bannerTheme": "c971a213-2ce8-4f9d-b05b-69365d51ed8e", "bannerType": "d3cc343c-fefb-4980-8b9e-3316579e3b43", "bannerProduct": "4e80ad8d-2789-4cb6-b0e1-e5d11abf6946", "bannerImage": "fashion/banner/2_FNJVNVF.jpg", "bannerImageTwo": "", "titleOne": "insta-2", "titleTwo": "", "titleThree": "", "titleFour": ""}}, {"model": "bigdealapp.banner", "pk": "0e2a0636-290a-4d3d-acba-2c0654b687ed", "fields": {"bannerTheme": "6d6ed1d8-6099-4191-8e23-25797560c245", "bannerType": "d3cc343c-fefb-4980-8b9e-3316579e3b43", "bannerProduct": "801c159b-8b9d-4f01-902a-0ea8680c1542", "bannerImage": "fashion/banner/1_AcNWVT1.jpg", "bannerImageTwo": "", "titleOne": "Insta-1", "titleTwo": "", "titleThree": "", "titleFour": ""}}, {"model": "bigdealapp.banner", "pk": "0e9ef967-cc4f-46ed-89d7-a66cad3052aa", "fields": {"bannerTheme": "faade548-bda0-44c5-8779-32739e05c30c", "bannerType": "24a223c1-575f-4d95-86f0-d03dd533e62a", "bannerProduct": "fca5a5b1-0a96-4a06-b502-af30c6679259", "bannerImage": "fashion/banner/3_tT2zx7a.jpg", "bannerImageTwo": "", "titleOne": "fancy dress", "titleTwo": "", "titleThree": "", "titleFour": ""}}, {"model": "bigdealapp.banner", "pk": "104450e8-ed57-47b1-91a8-23f77b5e3be3", "fields": {"bannerTheme": "c5347c25-f4b5-4ee4-8094-17dccdbcb0f8", "bannerType": "c1e08839-f30f-4910-b4c4-4c96b333cd48", "bannerProduct": "24c37a05-bd3f-4ca4-ae2a-90ad5c4379c6", "bannerImage": "fashion/banner/4_3jdSJnz.jpg", "bannerImageTwo": "", "titleOne": "first banner", "titleTwo": "", "titleThree": "", "titleFour": ""}}, {"model": "bigdealapp.banner", "pk": "117c49d1-1492-4ceb-8393-fda227821186", "fields": {"bannerTheme": "d48705c7-d5a7-45ff-90ac-e77fca6237df", "bannerType": "b91d0c50-7b54-4c53-8c5f-462882d83351", "bannerProduct": "fc4671ff-9841-41f3-9c83-8dc3b7d0d534", "bannerImage": "fashion/banner/4_zjKsYi0.jpg", "bannerImageTwo": "", "titleOne": "wallet", "titleTwo": "", "titleThree": "", "titleFour": ""}}, {"model": "bigdealapp.banner", "pk": "1a1b0bdd-49e7-487f-a8b9-778617ae0aaf", "fields": {"bannerTheme": "faade548-bda0-44c5-8779-32739e05c30c", "bannerType": "b91d0c50-7b54-4c53-8c5f-462882d83351", "bannerProduct": "fca5a5b1-0a96-4a06-b502-af30c6679259", "bannerImage": "fashion/banner/2_pacUkFg.jpg", "bannerImageTwo": "", "titleOne": "white shoes", "titleTwo": "", "titleThree": "", "titleFour": ""}}, {"model": "bigdealapp.banner", "pk": "1e08c6b6-db06-475e-85fa-eaa582cbada0", "fields": {"bannerTheme": "faade548-bda0-44c5-8779-32739e05c30c", "bannerType": "d3cc343c-fefb-4980-8b9e-3316579e3b43", "bannerProduct": "76c5d2cb-19df-49a0-98cf-541c76c90bb9", "bannerImage": "fashion/banner/1_8u7es8U.jpg", "bannerImageTwo": "", "titleOne": "Insta-1", "titleTwo": "", "titleThree": "", "titleFour": ""}}, {"model": "bigdealapp.banner", "pk": "1f2f762f-cadc-4ef6-b90c-85dbabd23144", "fields": {"bannerTheme": "c5347c25-f4b5-4ee4-8094-17dccdbcb0f8", "bannerType": "d3cc343c-fefb-4980-8b9e-3316579e3b43", "bannerProduct": "d560a597-de68-4b01-b945-2b8c9badbfe9", "bannerImage": "fashion/banner/11_xjCrLpm.jpg", "bannerImageTwo": "fashion/banner/12_xIJlzrR.jpg", "titleOne": "instabanner", "titleTwo": "", "titleThree": "", "titleFour": ""}}, {"model": "bigdealapp.banner", "pk": "1f50492a-dac5-4a02-ba52-84cbeedb4a74", "fields": {"bannerTheme": "faade548-bda0-44c5-8779-32739e05c30c", "bannerType": "7ad3d5dd-888f-48d1-ba0c-de08fd352321", "bannerProduct": "4e80ad8d-2789-4cb6-b0e1-e5d11abf6946", "bannerImage": "fashion/banner/1.2_aX3sgjS.png", "bannerImageTwo": "", "titleOne": "Philips Headphones", "titleTwo": "", "titleThree": "", "titleFour": ""}}, {"model": "bigdealapp.banner", "pk": "23b193fb-777a-432b-bfd1-f34fc1241fc4", "fields": {"bannerTheme": "faade548-bda0-44c5-8779-32739e05c30c", "bannerType": "3251760f-9a3d-40f8-9dd5-4f65f09076b3", "bannerProduct": "4e80ad8d-2789-4cb6-b0e1-e5d11abf6946", "bannerImage": "fashion/banner/3_xcnEP2S.jpg", "bannerImageTwo": "", "titleOne": "Tables", "titleTwo": "", "titleThree": "", "titleFour": ""}}, {"model": "bigdealapp.banner", "pk": "248dd107-4731-47db-85e8-632b2d0a1058", "fields": {"bannerTheme": "c5347c25-f4b5-4ee4-8094-17dccdbcb0f8", "bannerType": "c1e08839-f30f-4910-b4c4-4c96b333cd48", "bannerProduct": "24c37a05-bd3f-4ca4-ae2a-90ad5c4379c6", "bannerImage": "fashion/banner/3_JjPUSQs.jpg", "bannerImageTwo": "", "titleOne": "swing chair", "titleTwo": "", "titleThree": "", "titleFour": ""}}, {"model": "bigdealapp.banner", "pk": "2619d918-790a-4c7b-bb5d-174c20e428e0", "fields": {"bannerTheme": "c971a213-2ce8-4f9d-b05b-69365d51ed8e", "bannerType": "5cf87118-9b7a-47be-9d32-0ffbd780b7ee", "bannerProduct": "fca5a5b1-0a96-4a06-b502-af30c6679259", "bannerImage": "fashion/banner/1_fMl8pOg.jpg", "bannerImageTwo": "", "titleOne": "washing machine", "titleTwo": "", "titleThree": "", "titleFour": ""}}, {"model": "bigdealapp.banner", "pk": "27ebc88e-6bcc-4bf8-9674-650c66d8f364", "fields": {"bannerTheme": "6d6ed1d8-6099-4191-8e23-25797560c245", "bannerType": "b91d0c50-7b54-4c53-8c5f-462882d83351", "bannerProduct": "801c159b-8b9d-4f01-902a-0ea8680c1542", "bannerImage": "fashion/banner/4_DMkcCXb.jpg", "bannerImageTwo": "", "titleOne": "wallet", "titleTwo": "", "titleThree": "", "titleFour": ""}}, {"model": "bigdealapp.banner", "pk": "28e5c1b6-52a6-4423-8472-60993aa399b8", "fields": {"bannerTheme": "c971a213-2ce8-4f9d-b05b-69365d51ed8e", "bannerType": "c1e08839-f30f-4910-b4c4-4c96b333cd48", "bannerProduct": "fca5a5b1-0a96-4a06-b502-af30c6679259", "bannerImage": "fashion/banner/10_To5kTAi.jpg", "bannerImageTwo": "", "titleOne": "muflar", "titleTwo": "", "titleThree": "", "titleFour": ""}}, {"model": "bigdealapp.banner", "pk": "2c606e73-44e1-405e-9daa-19ab15e0778f", "fields": {"bannerTheme": "c971a213-2ce8-4f9d-b05b-69365d51ed8e", "bannerType": "24a223c1-575f-4d95-86f0-d03dd533e62a", "bannerProduct": "fca5a5b1-0a96-4a06-b502-af30c6679259", "bannerImage": "fashion/banner/1_VzYIIy1.jpg", "bannerImageTwo": "", "titleOne": "m5", "titleTwo": "", "titleThree": "", "titleFour": ""}}, {"model": "bigdealapp.banner", "pk": "2c8d35a1-9a27-4fd7-a5cb-83dc21b8448f", "fields": {"bannerTheme": "5405563a-a282-4a72-bf07-6d8b3f32bffd", "bannerType": "7ad3d5dd-888f-48d1-ba0c-de08fd352321", "bannerProduct": "82ac4e95-ab4d-44d6-a892-5fd9c06fcab8", "bannerImage": "fashion/banner/1.1_gO0YNUr.png", "bannerImageTwo": "", "titleOne": "Biggest sale", "titleTwo": "", "titleThree": "", "titleFour": ""}}, {"model": "bigdealapp.banner", "pk": "2cc11ae3-a3ae-4ff3-95ef-9384cbccfb79", "fields": {"bannerTheme": "faade548-bda0-44c5-8779-32739e05c30c", "bannerType": "0f88fd02-9fc3-442e-adf2-3a2329809d9f", "bannerProduct": "eccadf99-b639-489d-a0af-b341c795710c", "bannerImage": "fashion/banner/3_Oawr35U.jpg", "bannerImageTwo": "", "titleOne": "Best table", "titleTwo": "", "titleThree": "", "titleFour": ""}}, {"model": "bigdealapp.banner", "pk": "2d42f000-b262-4c82-8dcb-806ddfd63823", "fields": {"bannerTheme": "d48705c7-d5a7-45ff-90ac-e77fca6237df", "bannerType": "b91d0c50-7b54-4c53-8c5f-462882d83351", "bannerProduct": "3f290e90-f52b-495f-b75b-86da11fe542b", "bannerImage": "fashion/banner/2_L5yd984.jpg", "bannerImageTwo": "", "titleOne": "White shoes", "titleTwo": "", "titleThree": "", "titleFour": ""}}, {"model": "bigdealapp.banner", "pk": "31e81891-78c1-49b7-ac3f-7ccc41a7ae66", "fields": {"bannerTheme": "faade548-bda0-44c5-8779-32739e05c30c", "bannerType": "b91d0c50-7b54-4c53-8c5f-462882d83351", "bannerProduct": "fca5a5b1-0a96-4a06-b502-af30c6679259", "bannerImage": "fashion/banner/1_QqtbXZd.jpg", "bannerImageTwo": "", "titleOne": "Mixer", "titleTwo": "", "titleThree": "", "titleFour": ""}}, {"model": "bigdealapp.banner", "pk": "3495bdc2-5832-4506-ad7a-f591c81081fa", "fields": {"bannerTheme": "6d6ed1d8-6099-4191-8e23-25797560c245", "bannerType": "7ad3d5dd-888f-48d1-ba0c-de08fd352321", "bannerProduct": "801c159b-8b9d-4f01-902a-0ea8680c1542", "bannerImage": "fashion/banner/1.3.png", "bannerImageTwo": "", "titleOne": "third slider", "titleTwo": "", "titleThree": "", "titleFour": ""}}, {"model": "bigdealapp.banner", "pk": "35baea09-647c-403e-ab22-1d454f2c9fca", "fields": {"bannerTheme": "faade548-bda0-44c5-8779-32739e05c30c", "bannerType": "0f88fd02-9fc3-442e-adf2-3a2329809d9f", "bannerProduct": "76c5d2cb-19df-49a0-98cf-541c76c90bb9", "bannerImage": "fashion/banner/4_emjqeIi.jpg", "bannerImageTwo": "", "titleOne": "Canon camera", "titleTwo": "", "titleThree": "", "titleFour": ""}}, {"model": "bigdealapp.banner", "pk": "3a37751a-6770-4faf-9779-918ef9a55833", "fields": {"bannerTheme": "c5347c25-f4b5-4ee4-8094-17dccdbcb0f8", "bannerType": "3251760f-9a3d-40f8-9dd5-4f65f09076b3", "bannerProduct": "c2d4f9d7-0a1b-451a-96c5-23e5610db324", "bannerImage": "fashion/banner/1_mIHPTwx.jpg", "bannerImageTwo": "", "titleOne": "first banner", "titleTwo": "", "titleThree": "", "titleFour": ""}}, {"model": "bigdealapp.banner", "pk": "3a50177f-1328-451e-9e85-d1d1ae4565f4", "fields": {"bannerTheme": "c971a213-2ce8-4f9d-b05b-69365d51ed8e", "bannerType": "3251760f-9a3d-40f8-9dd5-4f65f09076b3", "bannerProduct": "fca5a5b1-0a96-4a06-b502-af30c6679259", "bannerImage": "fashion/banner/5_Nqu3o4o.jpg", "bannerImageTwo": "", "titleOne": "first banner", "titleTwo": "", "titleThree": "", "titleFour": ""}}, {"model": "bigdealapp.banner", "pk": "3accdc81-9caf-4e4e-ba4d-cc3648f67b65", "fields": {"bannerTheme": "6d6ed1d8-6099-4191-8e23-25797560c245", "bannerType": "d3cc343c-fefb-4980-8b9e-3316579e3b43", "bannerProduct": "9854a620-c417-4db6-b556-96746304391b", "bannerImage": "fashion/banner/6.jpg", "bannerImageTwo": "", "titleOne": "insta-6", "titleTwo": "", "titleThree": "", "titleFour": ""}}, {"model": "bigdealapp.banner", "pk": "3b2a7f40-3bae-4f97-a470-ad84e7824948", "fields": {"bannerTheme": "c5347c25-f4b5-4ee4-8094-17dccdbcb0f8", "bannerType": "24a223c1-575f-4d95-86f0-d03dd533e62a", "bannerProduct": "24c37a05-bd3f-4ca4-ae2a-90ad5c4379c6", "bannerImage": "fashion/banner/3_IKxv7oo.jpg", "bannerImageTwo": "", "titleOne": "gown", "titleTwo": "", "titleThree": "", "titleFour": ""}}, {"model": "bigdealapp.banner", "pk": "3e2c9b3c-7afc-4b17-9ebe-373f3988123a", "fields": {"bannerTheme": "c971a213-2ce8-4f9d-b05b-69365d51ed8e", "bannerType": "5cf87118-9b7a-47be-9d32-0ffbd780b7ee", "bannerProduct": "4e80ad8d-2789-4cb6-b0e1-e5d11abf6946", "bannerImage": "fashion/banner/4_jJTKVS3.jpg", "bannerImageTwo": "", "titleOne": "shoes", "titleTwo": "", "titleThree": "", "titleFour": ""}}, {"model": "bigdealapp.banner", "pk": "3f1d8bf7-3398-4c1b-bc28-671ea2b8f84e", "fields": {"bannerTheme": "6d6ed1d8-6099-4191-8e23-25797560c245", "bannerType": "7ad3d5dd-888f-48d1-ba0c-de08fd352321", "bannerProduct": "801c159b-8b9d-4f01-902a-0ea8680c1542", "bannerImage": "fashion/banner/1.1.png", "bannerImageTwo": "", "titleOne": "first slider", "titleTwo": "", "titleThree": "", "titleFour": ""}}, {"model": "bigdealapp.banner", "pk": "3f7bbd35-7e0a-4d6d-bb36-fa77f6ed21d6", "fields": {"bannerTheme": "c971a213-2ce8-4f9d-b05b-69365d51ed8e", "bannerType": "b91d0c50-7b54-4c53-8c5f-462882d83351", "bannerProduct": "fca5a5b1-0a96-4a06-b502-af30c6679259", "bannerImage": "fashion/banner/1_XTgUVoO.jpg", "bannerImageTwo": "", "titleOne": "first timer", "titleTwo": "", "titleThree": "", "titleFour": ""}}, {"model": "bigdealapp.banner", "pk": "46def50f-db20-45bb-ad06-7f271a71c639", "fields": {"bannerTheme": "5405563a-a282-4a72-bf07-6d8b3f32bffd", "bannerType": "b91d0c50-7b54-4c53-8c5f-462882d83351", "bannerProduct": "3c9f3fc8-140f-49de-ba5b-4cfa3ad95883", "bannerImage": "fashion/banner/4_6lgfvY1.jpg", "bannerImageTwo": "", "titleOne": "Leather Wallet", "titleTwo": "", "titleThree": "", "titleFour": ""}}, {"model": "bigdealapp.banner", "pk": "471059fb-f0b4-4ef6-9521-9dcdcbcb168a", "fields": {"bannerTheme": "5405563a-a282-4a72-bf07-6d8b3f32bffd", "bannerType": "24a223c1-575f-4d95-86f0-d03dd533e62a", "bannerProduct": "82ac4e95-ab4d-44d6-a892-5fd9c06fcab8", "bannerImage": "fashion/banner/4_01VEwjD.jpg", "bannerImageTwo": "", "titleOne": "ladies top", "titleTwo": "", "titleThree": "", "titleFour": ""}}, {"model": "bigdealapp.banner", "pk": "48853992-709a-4212-bfb9-b55137145b21", "fields": {"bannerTheme": "c971a213-2ce8-4f9d-b05b-69365d51ed8e", "bannerType": "d3cc343c-fefb-4980-8b9e-3316579e3b43", "bannerProduct": "4e80ad8d-2789-4cb6-b0e1-e5d11abf6946", "bannerImage": "fashion/banner/7_kHMRrHi.jpg", "bannerImageTwo": "", "titleOne": "Insta-7", "titleTwo": "", "titleThree": "", "titleFour": ""}}, {"model": "bigdealapp.banner", "pk": "49a8db2d-781e-4888-88ae-27118b45540a", "fields": {"bannerTheme": "c971a213-2ce8-4f9d-b05b-69365d51ed8e", "bannerType": "d7f9ae20-8971-4a78-b70f-66007eae0bc0", "bannerProduct": "4e80ad8d-2789-4cb6-b0e1-e5d11abf6946", "bannerImage": "fashion/banner/7_371BFed.jpg", "bannerImageTwo": "", "titleOne": "jewellaery", "titleTwo": "", "titleThree": "", "titleFour": ""}}, {"model": "bigdealapp.banner", "pk": "4a21d839-2a6f-4daf-9085-2b051bf0acc4", "fields": {"bannerTheme": "c5347c25-f4b5-4ee4-8094-17dccdbcb0f8", "bannerType": "d3cc343c-fefb-4980-8b9e-3316579e3b43", "bannerProduct": "24c37a05-bd3f-4ca4-ae2a-90ad5c4379c6", "bannerImage": "fashion/banner/9_5BmcKHm.jpg", "bannerImageTwo": "fashion/banner/10_RdZ0N9K.jpg", "titleOne": "Insta-1", "titleTwo": "", "titleThree": "", "titleFour": ""}}, {"model": "bigdealapp.banner", "pk": "4a9aa6d3-42ed-43ab-8166-7b05dde40f5a", "fields": {"bannerTheme": "c971a213-2ce8-4f9d-b05b-69365d51ed8e", "bannerType": "d3cc343c-fefb-4980-8b9e-3316579e3b43", "bannerProduct": "fca5a5b1-0a96-4a06-b502-af30c6679259", "bannerImage": "fashion/banner/1_Q0H3Jda.jpg", "bannerImageTwo": "", "titleOne": "Insta-1", "titleTwo": "", "titleThree": "", "titleFour": ""}}, {"model": "bigdealapp.banner", "pk": "4c9a4cd2-38ce-45da-b567-5ad34dc3f64a", "fields": {"bannerTheme": "c5347c25-f4b5-4ee4-8094-17dccdbcb0f8", "bannerType": "b91d0c50-7b54-4c53-8c5f-462882d83351", "bannerProduct": "d560a597-de68-4b01-b945-2b8c9badbfe9", "bannerImage": "fashion/banner/5_oCcfOGu.jpg", "bannerImageTwo": "", "titleOne": "bluetooth", "titleTwo": "", "titleThree": "", "titleFour": ""}}, {"model": "bigdealapp.banner", "pk": "510ece96-b2fa-4d92-8aab-a850f175f165", "fields": {"bannerTheme": "faade548-bda0-44c5-8779-32739e05c30c", "bannerType": "7ad3d5dd-888f-48d1-ba0c-de08fd352321", "bannerProduct": "fca5a5b1-0a96-4a06-b502-af30c6679259", "bannerImage": "fashion/banner/1.3_LMu4XCE.png", "bannerImageTwo": "", "titleOne": "Samsung CCTV", "titleTwo": "", "titleThree": "", "titleFour": ""}}, {"model": "bigdealapp.banner", "pk": "514ce8de-ab36-463f-bd93-93a89eee9ecf", "fields": {"bannerTheme": "d48705c7-d5a7-45ff-90ac-e77fca6237df", "bannerType": "3251760f-9a3d-40f8-9dd5-4f65f09076b3", "bannerProduct": "b689be3e-63b2-4331-a61b-b274b1aa1946", "bannerImage": "fashion/banner/2_pWecCx7.jpg", "bannerImageTwo": "", "titleOne": "filter", "titleTwo": "", "titleThree": "", "titleFour": ""}}, {"model": "bigdealapp.banner", "pk": "54c04275-fb86-4f8d-8c8c-df77056d274b", "fields": {"bannerTheme": "5405563a-a282-4a72-bf07-6d8b3f32bffd", "bannerType": "b91d0c50-7b54-4c53-8c5f-462882d83351", "bannerProduct": "82ac4e95-ab4d-44d6-a892-5fd9c06fcab8", "bannerImage": "fashion/banner/1_NHsyo1O.jpg", "bannerImageTwo": "", "titleOne": "Mixer", "titleTwo": "", "titleThree": "", "titleFour": ""}}, {"model": "bigdealapp.banner", "pk": "555a1e5a-d7b5-483d-ae0f-1e35ce08ce29", "fields": {"bannerTheme": "5405563a-a282-4a72-bf07-6d8b3f32bffd", "bannerType": "3251760f-9a3d-40f8-9dd5-4f65f09076b3", "bannerProduct": "3c9f3fc8-140f-49de-ba5b-4cfa3ad95883", "bannerImage": "fashion/banner/3_EEhRLTX.jpg", "bannerImageTwo": "", "titleOne": "Tablet New Generation", "titleTwo": "", "titleThree": "", "titleFour": ""}}, {"model": "bigdealapp.banner", "pk": "57a52b16-f3ae-4eed-9e60-569e51e88fec", "fields": {"bannerTheme": "c971a213-2ce8-4f9d-b05b-69365d51ed8e", "bannerType": "0f88fd02-9fc3-442e-adf2-3a2329809d9f", "bannerProduct": "fca5a5b1-0a96-4a06-b502-af30c6679259", "bannerImage": "fashion/banner/11_wWKYdYU.jpg", "bannerImageTwo": "", "titleOne": "col banner", "titleTwo": "", "titleThree": "", "titleFour": ""}}, {"model": "bigdealapp.banner", "pk": "58162f3c-e71d-49d6-b875-cec066215721", "fields": {"bannerTheme": "faade548-bda0-44c5-8779-32739e05c30c", "bannerType": "d3cc343c-fefb-4980-8b9e-3316579e3b43", "bannerProduct": "6ca03cfb-1c12-4bb6-9dda-8be51d45c49a", "bannerImage": "fashion/banner/16.jpg", "bannerImageTwo": "", "titleOne": "insta-5", "titleTwo": "", "titleThree": "", "titleFour": ""}}, {"model": "bigdealapp.banner", "pk": "5b359245-8e94-43d9-bccd-f0a2c6da956c", "fields": {"bannerTheme": "d48705c7-d5a7-45ff-90ac-e77fca6237df", "bannerType": "0f88fd02-9fc3-442e-adf2-3a2329809d9f", "bannerProduct": "b689be3e-63b2-4331-a61b-b274b1aa1946", "bannerImage": "fashion/banner/5_hmTNNMy.jpg", "bannerImageTwo": "", "titleOne": "Smart Led Tv", "titleTwo": "", "titleThree": "", "titleFour": ""}}, {"model": "bigdealapp.banner", "pk": "5b974a9b-f3fd-4fce-9a50-508bc1188e3f", "fields": {"bannerTheme": "6d6ed1d8-6099-4191-8e23-25797560c245", "bannerType": "b91d0c50-7b54-4c53-8c5f-462882d83351", "bannerProduct": "9854a620-c417-4db6-b556-96746304391b", "bannerImage": "fashion/banner/3_RORsO1s.jpg", "bannerImageTwo": "", "titleOne": "headphone", "titleTwo": "", "titleThree": "", "titleFour": ""}}, {"model": "bigdealapp.banner", "pk": "5e83ea28-7842-4b26-acf2-1f785725209e", "fields": {"bannerTheme": "faade548-bda0-44c5-8779-32739e05c30c", "bannerType": "b91d0c50-7b54-4c53-8c5f-462882d83351", "bannerProduct": "fca5a5b1-0a96-4a06-b502-af30c6679259", "bannerImage": "fashion/banner/4_v3204IP.jpg", "bannerImageTwo": "", "titleOne": "Wallet", "titleTwo": "", "titleThree": "", "titleFour": ""}}, {"model": "bigdealapp.banner", "pk": "616aaa62-16c2-4694-afc5-7ec3d6dfa909", "fields": {"bannerTheme": "c971a213-2ce8-4f9d-b05b-69365d51ed8e", "bannerType": "24a223c1-575f-4d95-86f0-d03dd533e62a", "bannerProduct": "4e80ad8d-2789-4cb6-b0e1-e5d11abf6946", "bannerImage": "fashion/banner/4_GWpJqrP.jpg", "bannerImageTwo": "", "titleOne": "m4", "titleTwo": "", "titleThree": "", "titleFour": ""}}, {"model": "bigdealapp.banner", "pk": "61f58b0b-fc5a-419d-8a8e-1026df5d9a7a", "fields": {"bannerTheme": "faade548-bda0-44c5-8779-32739e05c30c", "bannerType": "895be818-6d6b-448f-a273-81cf12297d9e", "bannerProduct": "24c37a05-bd3f-4ca4-ae2a-90ad5c4379c6", "bannerImage": "fashion/banner/4_KonCoK1.jpg", "bannerImageTwo": "", "titleOne": "Nikon Camera", "titleTwo": "", "titleThree": "", "titleFour": ""}}, {"model": "bigdealapp.banner", "pk": "62229fd1-d6c5-429a-99d9-d5cdf3879583", "fields": {"bannerTheme": "6d6ed1d8-6099-4191-8e23-25797560c245", "bannerType": "7ad3d5dd-888f-48d1-ba0c-de08fd352321", "bannerProduct": "801c159b-8b9d-4f01-902a-0ea8680c1542", "bannerImage": "fashion/banner/1.2.png", "bannerImageTwo": "", "titleOne": "second slider", "titleTwo": "", "titleThree": "", "titleFour": ""}}, {"model": "bigdealapp.banner", "pk": "634d97d4-fc78-4411-8fa6-8ccc35b7f681", "fields": {"bannerTheme": "faade548-bda0-44c5-8779-32739e05c30c", "bannerType": "0f88fd02-9fc3-442e-adf2-3a2329809d9f", "bannerProduct": "6ca03cfb-1c12-4bb6-9dda-8be51d45c49a", "bannerImage": "fashion/banner/3_wTilDmG.jpg", "bannerImageTwo": "", "titleOne": "wooden table", "titleTwo": "", "titleThree": "", "titleFour": ""}}, {"model": "bigdealapp.banner", "pk": "652b733c-5fbc-4586-b797-de1179864cc9", "fields": {"bannerTheme": "d48705c7-d5a7-45ff-90ac-e77fca6237df", "bannerType": "7ad3d5dd-888f-48d1-ba0c-de08fd352321", "bannerProduct": "b689be3e-63b2-4331-a61b-b274b1aa1946", "bannerImage": "fashion/banner/1.2_j4cvHXb.png", "bannerImageTwo": "", "titleOne": "Kitchen products", "titleTwo": "", "titleThree": "", "titleFour": ""}}, {"model": "bigdealapp.banner", "pk": "6900902c-1165-4df7-b7c3-96117d775696", "fields": {"bannerTheme": "d48705c7-d5a7-45ff-90ac-e77fca6237df", "bannerType": "b91d0c50-7b54-4c53-8c5f-462882d83351", "bannerProduct": "b689be3e-63b2-4331-a61b-b274b1aa1946", "bannerImage": "fashion/banner/3_AlepOW4.jpg", "bannerImageTwo": "", "titleOne": "Headphone", "titleTwo": "", "titleThree": "", "titleFour": ""}}, {"model": "bigdealapp.banner", "pk": "6a05dcc3-d5a0-481f-b9c9-be3d423134c4", "fields": {"bannerTheme": "c971a213-2ce8-4f9d-b05b-69365d51ed8e", "bannerType": "5cf87118-9b7a-47be-9d32-0ffbd780b7ee", "bannerProduct": "4e80ad8d-2789-4cb6-b0e1-e5d11abf6946", "bannerImage": "fashion/banner/2_t8q6DrA.jpg", "bannerImageTwo": "", "titleOne": "camera", "titleTwo": "", "titleThree": "", "titleFour": ""}}, {"model": "bigdealapp.banner", "pk": "6a1ec9c2-14a3-4fd5-bcb0-02f3085627c9", "fields": {"bannerTheme": "c5347c25-f4b5-4ee4-8094-17dccdbcb0f8", "bannerType": "24a223c1-575f-4d95-86f0-d03dd533e62a", "bannerProduct": "d560a597-de68-4b01-b945-2b8c9badbfe9", "bannerImage": "fashion/banner/2_yVTbhbt.jpg", "bannerImageTwo": "", "titleOne": "dress", "titleTwo": "", "titleThree": "", "titleFour": ""}}, {"model": "bigdealapp.banner", "pk": "6aaa5b8f-f9d8-48e3-a446-76680b03d77d", "fields": {"bannerTheme": "d48705c7-d5a7-45ff-90ac-e77fca6237df", "bannerType": "0f88fd02-9fc3-442e-adf2-3a2329809d9f", "bannerProduct": "b689be3e-63b2-4331-a61b-b274b1aa1946", "bannerImage": "fashion/banner/2_nFYUwgJ.jpg", "bannerImageTwo": "", "titleOne": "Macbook pro", "titleTwo": "", "titleThree": "", "titleFour": ""}}, {"model": "bigdealapp.banner", "pk": "6b96d87b-34a8-4787-8526-18e640446745", "fields": {"bannerTheme": "c971a213-2ce8-4f9d-b05b-69365d51ed8e", "bannerType": "d3cc343c-fefb-4980-8b9e-3316579e3b43", "bannerProduct": "eccadf99-b639-489d-a0af-b341c795710c", "bannerImage": "fashion/banner/8_WdIdc0L.jpg", "bannerImageTwo": "", "titleOne": "red dress", "titleTwo": "", "titleThree": "", "titleFour": ""}}, {"model": "bigdealapp.banner", "pk": "6bc4be6b-15bb-487e-b7b8-095fd8e09256", "fields": {"bannerTheme": "c971a213-2ce8-4f9d-b05b-69365d51ed8e", "bannerType": "d7f9ae20-8971-4a78-b70f-66007eae0bc0", "bannerProduct": "fca5a5b1-0a96-4a06-b502-af30c6679259", "bannerImage": "fashion/banner/6_1m9M2oQ.jpg", "bannerImageTwo": "", "titleOne": "smart watch", "titleTwo": "", "titleThree": "", "titleFour": ""}}, {"model": "bigdealapp.banner", "pk": "6dcad5ec-20ce-4b89-976c-64b749017c7d", "fields": {"bannerTheme": "c5347c25-f4b5-4ee4-8094-17dccdbcb0f8", "bannerType": "b91d0c50-7b54-4c53-8c5f-462882d83351", "bannerProduct": "9854a620-c417-4db6-b556-96746304391b", "bannerImage": "fashion/banner/6_2RDzhbU.jpg", "bannerImageTwo": "", "titleOne": "chair", "titleTwo": "", "titleThree": "", "titleFour": ""}}, {"model": "bigdealapp.banner", "pk": "706471ad-201d-4b6a-aaf8-b10da7ae158d", "fields": {"bannerTheme": "d48705c7-d5a7-45ff-90ac-e77fca6237df", "bannerType": "48df2db6-dfa5-4e56-8d87-406b32b050aa", "bannerProduct": "fc4671ff-9841-41f3-9c83-8dc3b7d0d534", "bannerImage": "fashion/banner/2_RkGRCQk.jpg", "bannerImageTwo": "", "titleOne": "sale on laptop", "titleTwo": "", "titleThree": "", "titleFour": ""}}, {"model": "bigdealapp.banner", "pk": "71bce8b6-b8a8-448b-aa88-fb22f8721f5a", "fields": {"bannerTheme": "c971a213-2ce8-4f9d-b05b-69365d51ed8e", "bannerType": "c1e08839-f30f-4910-b4c4-4c96b333cd48", "bannerProduct": "4e80ad8d-2789-4cb6-b0e1-e5d11abf6946", "bannerImage": "fashion/banner/9_c5vo6V1.jpg", "bannerImageTwo": "", "titleOne": "second shop banner", "titleTwo": "", "titleThree": "", "titleFour": ""}}, {"model": "bigdealapp.banner", "pk": "725bdf01-1184-4bfd-b628-a8473d583ca3", "fields": {"bannerTheme": "c971a213-2ce8-4f9d-b05b-69365d51ed8e", "bannerType": "7ad3d5dd-888f-48d1-ba0c-de08fd352321", "bannerProduct": "fca5a5b1-0a96-4a06-b502-af30c6679259", "bannerImage": "fashion/banner/1.1_IBzkhef.png", "bannerImageTwo": "fashion/banner/1.2_EkQHDoD.png", "titleOne": "first slider", "titleTwo": "", "titleThree": "", "titleFour": ""}}, {"model": "bigdealapp.banner", "pk": "78944810-09c4-4d89-b004-1408542fa467", "fields": {"bannerTheme": "c5347c25-f4b5-4ee4-8094-17dccdbcb0f8", "bannerType": "c1e08839-f30f-4910-b4c4-4c96b333cd48", "bannerProduct": "d560a597-de68-4b01-b945-2b8c9badbfe9", "bannerImage": "fashion/banner/2_ne9wCwC.jpg", "bannerImageTwo": "", "titleOne": "wallet", "titleTwo": "", "titleThree": "", "titleFour": ""}}, {"model": "bigdealapp.banner", "pk": "7a5ef63f-91f6-494d-ad9d-662195941485", "fields": {"bannerTheme": "c971a213-2ce8-4f9d-b05b-69365d51ed8e", "bannerType": "7ad3d5dd-888f-48d1-ba0c-de08fd352321", "bannerProduct": "4e80ad8d-2789-4cb6-b0e1-e5d11abf6946", "bannerImage": "fashion/banner/2.1.png", "bannerImageTwo": "fashion/banner/2.2.png", "titleOne": "yellow bag", "titleTwo": "", "titleThree": "", "titleFour": ""}}, {"model": "bigdealapp.banner", "pk": "7bf800ef-b350-4ec0-b289-77541685ac23", "fields": {"bannerTheme": "6d6ed1d8-6099-4191-8e23-25797560c245", "bannerType": "3251760f-9a3d-40f8-9dd5-4f65f09076b3", "bannerProduct": "801c159b-8b9d-4f01-902a-0ea8680c1542", "bannerImage": "fashion/banner/5.jpg", "bannerImageTwo": "", "titleOne": "third banner", "titleTwo": "", "titleThree": "", "titleFour": ""}}, {"model": "bigdealapp.banner", "pk": "7fba798e-0dfc-4d84-a4e1-dc852537b300", "fields": {"bannerTheme": "5405563a-a282-4a72-bf07-6d8b3f32bffd", "bannerType": "b91d0c50-7b54-4c53-8c5f-462882d83351", "bannerProduct": "bf4dc060-7b5d-461b-a42d-f21099115be5", "bannerImage": "fashion/banner/3_7gbk7ij.jpg", "bannerImageTwo": "", "titleOne": "Headphones", "titleTwo": "", "titleThree": "", "titleFour": ""}}, {"model": "bigdealapp.banner", "pk": "86fa6ecf-893f-4a33-9f93-fd8ec198bc1c", "fields": {"bannerTheme": "c971a213-2ce8-4f9d-b05b-69365d51ed8e", "bannerType": "d3cc343c-fefb-4980-8b9e-3316579e3b43", "bannerProduct": "4e80ad8d-2789-4cb6-b0e1-e5d11abf6946", "bannerImage": "fashion/banner/6_NWk4bOv.jpg", "bannerImageTwo": "", "titleOne": "insta-6", "titleTwo": "", "titleThree": "", "titleFour": ""}}, {"model": "bigdealapp.banner", "pk": "874e1951-faf2-43f0-bc3c-b4732918bb80", "fields": {"bannerTheme": "6d6ed1d8-6099-4191-8e23-25797560c245", "bannerType": "d3cc343c-fefb-4980-8b9e-3316579e3b43", "bannerProduct": "801c159b-8b9d-4f01-902a-0ea8680c1542", "bannerImage": "fashion/banner/4_s2QHS9r.jpg", "bannerImageTwo": "", "titleOne": "insta-4", "titleTwo": "", "titleThree": "", "titleFour": ""}}, {"model": "bigdealapp.banner", "pk": "89fc8af6-91bc-478f-ae07-9335e281e18a", "fields": {"bannerTheme": "6d6ed1d8-6099-4191-8e23-25797560c245", "bannerType": "b91d0c50-7b54-4c53-8c5f-462882d83351", "bannerProduct": "d560a597-de68-4b01-b945-2b8c9badbfe9", "bannerImage": "fashion/banner/1_nSPAm29.jpg", "bannerImageTwo": "", "titleOne": "mixer", "titleTwo": "", "titleThree": "", "titleFour": ""}}, {"model": "bigdealapp.banner", "pk": "8aa503d6-57e5-4fe8-bb0b-bcdbc7b08db9", "fields": {"bannerTheme": "faade548-bda0-44c5-8779-32739e05c30c", "bannerType": "3251760f-9a3d-40f8-9dd5-4f65f09076b3", "bannerProduct": "fca5a5b1-0a96-4a06-b502-af30c6679259", "bannerImage": "fashion/banner/1_BDJR7Qt.jpg", "bannerImageTwo": "", "titleOne": "shoes", "titleTwo": "", "titleThree": "", "titleFour": ""}}, {"model": "bigdealapp.banner", "pk": "8e0da977-ed01-4511-b11f-a49594130099", "fields": {"bannerTheme": "c5347c25-f4b5-4ee4-8094-17dccdbcb0f8", "bannerType": "24a223c1-575f-4d95-86f0-d03dd533e62a", "bannerProduct": "24c37a05-bd3f-4ca4-ae2a-90ad5c4379c6", "bannerImage": "fashion/banner/1_3fQWEEc.jpg", "bannerImageTwo": "", "titleOne": "kurti", "titleTwo": "", "titleThree": "", "titleFour": ""}}, {"model": "bigdealapp.banner", "pk": "9118caf1-e219-460c-93f8-18a10952127f", "fields": {"bannerTheme": "c5347c25-f4b5-4ee4-8094-17dccdbcb0f8", "bannerType": "3e2761de-a537-497a-b524-006d41809551", "bannerProduct": "24c37a05-bd3f-4ca4-ae2a-90ad5c4379c6", "bannerImage": "fashion/banner/offer-banner.png", "bannerImageTwo": "", "titleOne": "Summer sale", "titleTwo": "", "titleThree": "", "titleFour": ""}}, {"model": "bigdealapp.banner", "pk": "934fe2b1-8700-4617-8917-6207af8abad1", "fields": {"bannerTheme": "c5347c25-f4b5-4ee4-8094-17dccdbcb0f8", "bannerType": "d3cc343c-fefb-4980-8b9e-3316579e3b43", "bannerProduct": "9854a620-c417-4db6-b556-96746304391b", "bannerImage": "fashion/banner/7_OMqIdnY.jpg", "bannerImageTwo": "fashion/banner/8_Ng2iMKh.jpg", "titleOne": "instagram", "titleTwo": "", "titleThree": "", "titleFour": ""}}, {"model": "bigdealapp.banner", "pk": "94cbbf0b-d514-4228-b7f7-c73f8571c179", "fields": {"bannerTheme": "faade548-bda0-44c5-8779-32739e05c30c", "bannerType": "d3cc343c-fefb-4980-8b9e-3316579e3b43", "bannerProduct": "fca5a5b1-0a96-4a06-b502-af30c6679259", "bannerImage": "fashion/banner/14.jpg", "bannerImageTwo": "", "titleOne": "insta-4", "titleTwo": "", "titleThree": "", "titleFour": ""}}, {"model": "bigdealapp.banner", "pk": "95c316ea-5542-4824-afc9-9a6d326da61e", "fields": {"bannerTheme": "c5347c25-f4b5-4ee4-8094-17dccdbcb0f8", "bannerType": "7ad3d5dd-888f-48d1-ba0c-de08fd352321", "bannerProduct": "24c37a05-bd3f-4ca4-ae2a-90ad5c4379c6", "bannerImage": "fashion/banner/1.2_x3bgVJa.png", "bannerImageTwo": "", "titleOne": "nikon camera", "titleTwo": "", "titleThree": "", "titleFour": ""}}, {"model": "bigdealapp.banner", "pk": "9b5474d9-a435-43be-bcb9-a36c427691a7", "fields": {"bannerTheme": "6d6ed1d8-6099-4191-8e23-25797560c245", "bannerType": "c1e08839-f30f-4910-b4c4-4c96b333cd48", "bannerProduct": "801c159b-8b9d-4f01-902a-0ea8680c1542", "bannerImage": "fashion/banner/4_QGkhD89.jpg", "bannerImageTwo": "", "titleOne": "mixer", "titleTwo": "", "titleThree": "", "titleFour": ""}}, {"model": "bigdealapp.banner", "pk": "a1495207-cf59-47a0-bf5b-7e6956f77a81", "fields": {"bannerTheme": "c971a213-2ce8-4f9d-b05b-69365d51ed8e", "bannerType": "c1e08839-f30f-4910-b4c4-4c96b333cd48", "bannerProduct": "fca5a5b1-0a96-4a06-b502-af30c6679259", "bannerImage": "fashion/banner/8_qmOuh2i.jpg", "bannerImageTwo": "", "titleOne": "first shop banner", "titleTwo": "", "titleThree": "", "titleFour": ""}}, {"model": "bigdealapp.banner", "pk": "a32e96ac-6e25-4fe3-9d4b-e85a7b3460ce", "fields": {"bannerTheme": "5405563a-a282-4a72-bf07-6d8b3f32bffd", "bannerType": "7ad3d5dd-888f-48d1-ba0c-de08fd352321", "bannerProduct": "bf4dc060-7b5d-461b-a42d-f21099115be5", "bannerImage": "fashion/banner/1.2_qCoaCRd.png", "bannerImageTwo": "", "titleOne": "Today's hot offer", "titleTwo": "", "titleThree": "", "titleFour": ""}}, {"model": "bigdealapp.banner", "pk": "a7267e74-c8f7-43b6-a9c7-f90a7dcb33a6", "fields": {"bannerTheme": "6d6ed1d8-6099-4191-8e23-25797560c245", "bannerType": "d3cc343c-fefb-4980-8b9e-3316579e3b43", "bannerProduct": "801c159b-8b9d-4f01-902a-0ea8680c1542", "bannerImage": "fashion/banner/2_Fp6CwBm.jpg", "bannerImageTwo": "", "titleOne": "insta-2", "titleTwo": "", "titleThree": "", "titleFour": ""}}, {"model": "bigdealapp.banner", "pk": "a814286c-26d2-444b-b6e8-97a0f17bbbcd", "fields": {"bannerTheme": "d48705c7-d5a7-45ff-90ac-e77fca6237df", "bannerType": "895be818-6d6b-448f-a273-81cf12297d9e", "bannerProduct": "b689be3e-63b2-4331-a61b-b274b1aa1946", "bannerImage": "fashion/banner/2_WlDy4dD.jpg", "bannerImageTwo": "", "titleOne": "Sungoogles", "titleTwo": "", "titleThree": "", "titleFour": ""}}, {"model": "bigdealapp.banner", "pk": "b00f2dae-2220-4bbe-b26e-84a29124240d", "fields": {"bannerTheme": "5405563a-a282-4a72-bf07-6d8b3f32bffd", "bannerType": "7ad3d5dd-888f-48d1-ba0c-de08fd352321", "bannerProduct": "3c9f3fc8-140f-49de-ba5b-4cfa3ad95883", "bannerImage": "fashion/banner/1.3_C2CyvYs.png", "bannerImageTwo": "", "titleOne": "Big brand big sale", "titleTwo": "", "titleThree": "", "titleFour": ""}}, {"model": "bigdealapp.banner", "pk": "b842588f-6cb7-4286-a8c4-e60c964cd3b3", "fields": {"bannerTheme": "c5347c25-f4b5-4ee4-8094-17dccdbcb0f8", "bannerType": "d3cc343c-fefb-4980-8b9e-3316579e3b43", "bannerProduct": "d560a597-de68-4b01-b945-2b8c9badbfe9", "bannerImage": "fashion/banner/5_P6plZFv.jpg", "bannerImageTwo": "fashion/banner/6_d04zxab.jpg", "titleOne": "insta-2", "titleTwo": "", "titleThree": "", "titleFour": ""}}, {"model": "bigdealapp.banner", "pk": "ba8c3177-b889-4852-910c-730b663a4554", "fields": {"bannerTheme": "c5347c25-f4b5-4ee4-8094-17dccdbcb0f8", "bannerType": "d3cc343c-fefb-4980-8b9e-3316579e3b43", "bannerProduct": "24c37a05-bd3f-4ca4-ae2a-90ad5c4379c6", "bannerImage": "fashion/banner/3_SM7hWxH.jpg", "bannerImageTwo": "fashion/banner/4_sCgWf3n.jpg", "titleOne": "Instabanner", "titleTwo": "", "titleThree": "", "titleFour": ""}}, {"model": "bigdealapp.banner", "pk": "bb36a284-b54d-40a8-9c6d-849d97d6956e", "fields": {"bannerTheme": "c971a213-2ce8-4f9d-b05b-69365d51ed8e", "bannerType": "24a223c1-575f-4d95-86f0-d03dd533e62a", "bannerProduct": "4e80ad8d-2789-4cb6-b0e1-e5d11abf6946", "bannerImage": "fashion/banner/2_vXTE8jN.jpg", "bannerImageTwo": "", "titleOne": "m56", "titleTwo": "", "titleThree": "", "titleFour": ""}}, {"model": "bigdealapp.banner", "pk": "bc4093e5-e38c-47a3-bf6f-49855d64877e", "fields": {"bannerTheme": "c971a213-2ce8-4f9d-b05b-69365d51ed8e", "bannerType": "24a223c1-575f-4d95-86f0-d03dd533e62a", "bannerProduct": "fca5a5b1-0a96-4a06-b502-af30c6679259", "bannerImage": "fashion/banner/1_7vovthv.jpg", "bannerImageTwo": "", "titleOne": "m1", "titleTwo": "", "titleThree": "", "titleFour": ""}}, {"model": "bigdealapp.banner", "pk": "c118235b-043c-455e-b2ee-6b1e541752bb", "fields": {"bannerTheme": "6d6ed1d8-6099-4191-8e23-25797560c245", "bannerType": "0f88fd02-9fc3-442e-adf2-3a2329809d9f", "bannerProduct": "24c37a05-bd3f-4ca4-ae2a-90ad5c4379c6", "bannerImage": "fashion/banner/7_iTkV1PP.jpg", "bannerImageTwo": "", "titleOne": "collection", "titleTwo": "", "titleThree": "", "titleFour": ""}}, {"model": "bigdealapp.banner", "pk": "c6dea0e1-4425-47f6-b3d3-55ee40144c17", "fields": {"bannerTheme": "c5347c25-f4b5-4ee4-8094-17dccdbcb0f8", "bannerType": "3251760f-9a3d-40f8-9dd5-4f65f09076b3", "bannerProduct": "c2d4f9d7-0a1b-451a-96c5-23e5610db324", "bannerImage": "fashion/banner/2_CTNZYra.jpg", "bannerImageTwo": "", "titleOne": "second banner", "titleTwo": "", "titleThree": "", "titleFour": ""}}, {"model": "bigdealapp.banner", "pk": "c7e62a28-3367-4046-aa51-cb26c8e28081", "fields": {"bannerTheme": "faade548-bda0-44c5-8779-32739e05c30c", "bannerType": "b91d0c50-7b54-4c53-8c5f-462882d83351", "bannerProduct": "4e80ad8d-2789-4cb6-b0e1-e5d11abf6946", "bannerImage": "fashion/banner/3_NiEzfGw.jpg", "bannerImageTwo": "", "titleOne": "Headphone", "titleTwo": "", "titleThree": "", "titleFour": ""}}, {"model": "bigdealapp.banner", "pk": "c846843d-ba40-4690-b267-4873b4c7d8ea", "fields": {"bannerTheme": "c5347c25-f4b5-4ee4-8094-17dccdbcb0f8", "bannerType": "7ad3d5dd-888f-48d1-ba0c-de08fd352321", "bannerProduct": "24c37a05-bd3f-4ca4-ae2a-90ad5c4379c6", "bannerImage": "fashion/banner/1.3_wrsm1OY.png", "bannerImageTwo": "", "titleOne": "black wallet", "titleTwo": "", "titleThree": "", "titleFour": ""}}, {"model": "bigdealapp.banner", "pk": "c97e282d-bf73-4601-a033-88f481fe68e9", "fields": {"bannerTheme": "6d6ed1d8-6099-4191-8e23-25797560c245", "bannerType": "3251760f-9a3d-40f8-9dd5-4f65f09076b3", "bannerProduct": "801c159b-8b9d-4f01-902a-0ea8680c1542", "bannerImage": "fashion/banner/1_kvA52VS.jpg", "bannerImageTwo": "", "titleOne": "first collection banner", "titleTwo": "", "titleThree": "", "titleFour": ""}}, {"model": "bigdealapp.banner", "pk": "ca5ed07b-2de7-4a90-9ea5-2882fe2b2633", "fields": {"bannerTheme": "faade548-bda0-44c5-8779-32739e05c30c", "bannerType": "7ad3d5dd-888f-48d1-ba0c-de08fd352321", "bannerProduct": "fca5a5b1-0a96-4a06-b502-af30c6679259", "bannerImage": "fashion/banner/1.1_ma4xWQS.png", "bannerImageTwo": "", "titleOne": "Sony headphones", "titleTwo": "", "titleThree": "", "titleFour": ""}}, {"model": "bigdealapp.banner", "pk": "cca9462e-0d11-4c91-8da5-018776f8b117", "fields": {"bannerTheme": "5405563a-a282-4a72-bf07-6d8b3f32bffd", "bannerType": "24a223c1-575f-4d95-86f0-d03dd533e62a", "bannerProduct": "3c9f3fc8-140f-49de-ba5b-4cfa3ad95883", "bannerImage": "fashion/banner/3_JiNRB7p.jpg", "bannerImageTwo": "", "titleOne": "fancy gown", "titleTwo": "", "titleThree": "", "titleFour": ""}}, {"model": "bigdealapp.banner", "pk": "cd34b591-7480-47f3-a332-2893e14ae626", "fields": {"bannerTheme": "c971a213-2ce8-4f9d-b05b-69365d51ed8e", "bannerType": "24a223c1-575f-4d95-86f0-d03dd533e62a", "bannerProduct": "4e80ad8d-2789-4cb6-b0e1-e5d11abf6946", "bannerImage": "fashion/banner/2_AJLv1zX.jpg", "bannerImageTwo": "", "titleOne": "m2", "titleTwo": "", "titleThree": "", "titleFour": ""}}, {"model": "bigdealapp.banner", "pk": "cd81f998-74e5-4c85-bed5-70ac3007ab26", "fields": {"bannerTheme": "d48705c7-d5a7-45ff-90ac-e77fca6237df", "bannerType": "0f88fd02-9fc3-442e-adf2-3a2329809d9f", "bannerProduct": "fc4671ff-9841-41f3-9c83-8dc3b7d0d534", "bannerImage": "fashion/banner/1_RKFjH9q.jpg", "bannerImageTwo": "", "titleOne": "Laptop", "titleTwo": "", "titleThree": "", "titleFour": ""}}, {"model": "bigdealapp.banner", "pk": "cef2d660-0466-4255-99d0-aa600aa0ce54", "fields": {"bannerTheme": "6d6ed1d8-6099-4191-8e23-25797560c245", "bannerType": "d3cc343c-fefb-4980-8b9e-3316579e3b43", "bannerProduct": "d560a597-de68-4b01-b945-2b8c9badbfe9", "bannerImage": "fashion/banner/5_9q24kBA.jpg", "bannerImageTwo": "", "titleOne": "insta-5", "titleTwo": "", "titleThree": "", "titleFour": ""}}, {"model": "bigdealapp.banner", "pk": "cfab4ad2-d281-49d3-aa93-f903e8b3d41d", "fields": {"bannerTheme": "d48705c7-d5a7-45ff-90ac-e77fca6237df", "bannerType": "7ad3d5dd-888f-48d1-ba0c-de08fd352321", "bannerProduct": "3f290e90-f52b-495f-b75b-86da11fe542b", "bannerImage": "fashion/banner/1.3_vRpaFQK.png", "bannerImageTwo": "", "titleOne": "All items", "titleTwo": "", "titleThree": "", "titleFour": ""}}, {"model": "bigdealapp.banner", "pk": "d145107c-29dc-4d34-a65f-9b9e2076bc85", "fields": {"bannerTheme": "6d6ed1d8-6099-4191-8e23-25797560c245", "bannerType": "d3cc343c-fefb-4980-8b9e-3316579e3b43", "bannerProduct": "801c159b-8b9d-4f01-902a-0ea8680c1542", "bannerImage": "fashion/banner/3_vOMhAns.jpg", "bannerImageTwo": "", "titleOne": "insta-3", "titleTwo": "", "titleThree": "", "titleFour": ""}}, {"model": "bigdealapp.banner", "pk": "d2bde26a-9c96-4f38-8570-4bda72e0a4ad", "fields": {"bannerTheme": "c5347c25-f4b5-4ee4-8094-17dccdbcb0f8", "bannerType": "24a223c1-575f-4d95-86f0-d03dd533e62a", "bannerProduct": "d560a597-de68-4b01-b945-2b8c9badbfe9", "bannerImage": "fashion/banner/4_8FAHLBh.jpg", "bannerImageTwo": "", "titleOne": "dark gown", "titleTwo": "", "titleThree": "", "titleFour": ""}}, {"model": "bigdealapp.banner", "pk": "d3ec4ad0-9205-410d-95d3-3e8ecc30f144", "fields": {"bannerTheme": "faade548-bda0-44c5-8779-32739e05c30c", "bannerType": "24a223c1-575f-4d95-86f0-d03dd533e62a", "bannerProduct": "fca5a5b1-0a96-4a06-b502-af30c6679259", "bannerImage": "fashion/banner/1_yfmVcfB.jpg", "bannerImageTwo": "", "titleOne": "Red dress", "titleTwo": "", "titleThree": "", "titleFour": ""}}, {"model": "bigdealapp.banner", "pk": "d6e28367-93c0-4ed2-b221-c70c6fe0e347", "fields": {"bannerTheme": "d48705c7-d5a7-45ff-90ac-e77fca6237df", "bannerType": "b91d0c50-7b54-4c53-8c5f-462882d83351", "bannerProduct": "fc4671ff-9841-41f3-9c83-8dc3b7d0d534", "bannerImage": "fashion/banner/1_Mzgvt2t.jpg", "bannerImageTwo": "", "titleOne": "mixer", "titleTwo": "", "titleThree": "", "titleFour": ""}}, {"model": "bigdealapp.banner", "pk": "d7cb6a14-c904-4366-97d0-c942a0de0546", "fields": {"bannerTheme": "c971a213-2ce8-4f9d-b05b-69365d51ed8e", "bannerType": "d3cc343c-fefb-4980-8b9e-3316579e3b43", "bannerProduct": "4e80ad8d-2789-4cb6-b0e1-e5d11abf6946", "bannerImage": "fashion/banner/3_SyKN6Ue.jpg", "bannerImageTwo": "", "titleOne": "insta-3", "titleTwo": "", "titleThree": "", "titleFour": ""}}, {"model": "bigdealapp.banner", "pk": "dce7bdec-f785-4a90-93d8-5d5a3cf88238", "fields": {"bannerTheme": "c971a213-2ce8-4f9d-b05b-69365d51ed8e", "bannerType": "b91d0c50-7b54-4c53-8c5f-462882d83351", "bannerProduct": "fca5a5b1-0a96-4a06-b502-af30c6679259", "bannerImage": "fashion/banner/4_9nxzw4U.jpg", "bannerImageTwo": "", "titleOne": "leather wallet", "titleTwo": "", "titleThree": "", "titleFour": ""}}, {"model": "bigdealapp.banner", "pk": "de54e487-31f7-462b-881d-d1aeefc06290", "fields": {"bannerTheme": "d48705c7-d5a7-45ff-90ac-e77fca6237df", "bannerType": "895be818-6d6b-448f-a273-81cf12297d9e", "bannerProduct": "fc4671ff-9841-41f3-9c83-8dc3b7d0d534", "bannerImage": "fashion/banner/1_LUoCIQP.jpg", "bannerImageTwo": "", "titleOne": "big sale", "titleTwo": "", "titleThree": "", "titleFour": ""}}, {"model": "bigdealapp.banner", "pk": "df1d230b-9fb7-45ff-8e78-fe72b07e2e2e", "fields": {"bannerTheme": "c5347c25-f4b5-4ee4-8094-17dccdbcb0f8", "bannerType": "895be818-6d6b-448f-a273-81cf12297d9e", "bannerProduct": "d560a597-de68-4b01-b945-2b8c9badbfe9", "bannerImage": "fashion/banner/7_uQJuPWF.jpg", "bannerImageTwo": "", "titleOne": "sidebanner", "titleTwo": "", "titleThree": "", "titleFour": ""}}, {"model": "bigdealapp.banner", "pk": "e074af5d-2218-4e33-b1e5-0bf276f68cf5", "fields": {"bannerTheme": "c971a213-2ce8-4f9d-b05b-69365d51ed8e", "bannerType": "b91d0c50-7b54-4c53-8c5f-462882d83351", "bannerProduct": "4e80ad8d-2789-4cb6-b0e1-e5d11abf6946", "bannerImage": "fashion/banner/3_F5u8gR3.jpg", "bannerImageTwo": "", "titleOne": "second timer", "titleTwo": "", "titleThree": "", "titleFour": ""}}, {"model": "bigdealapp.banner", "pk": "e4aa62c9-3624-4581-8b17-e22817197e0d", "fields": {"bannerTheme": "6d6ed1d8-6099-4191-8e23-25797560c245", "bannerType": "0f88fd02-9fc3-442e-adf2-3a2329809d9f", "bannerProduct": "d560a597-de68-4b01-b945-2b8c9badbfe9", "bannerImage": "fashion/banner/1_ilvzJS4.jpg", "bannerImageTwo": "", "titleOne": "dfsfd", "titleTwo": "", "titleThree": "", "titleFour": ""}}, {"model": "bigdealapp.banner", "pk": "e5bfc312-8ae8-4141-9adc-b707719aac62", "fields": {"bannerTheme": "c971a213-2ce8-4f9d-b05b-69365d51ed8e", "bannerType": "5cf87118-9b7a-47be-9d32-0ffbd780b7ee", "bannerProduct": "fca5a5b1-0a96-4a06-b502-af30c6679259", "bannerImage": "fashion/banner/3_jz2gXfk.jpg", "bannerImageTwo": "", "titleOne": "Books", "titleTwo": "", "titleThree": "", "titleFour": ""}}, {"model": "bigdealapp.banner", "pk": "e6247483-469a-4df9-9247-f461016000b0", "fields": {"bannerTheme": "6d6ed1d8-6099-4191-8e23-25797560c245", "bannerType": "c1e08839-f30f-4910-b4c4-4c96b333cd48", "bannerProduct": "801c159b-8b9d-4f01-902a-0ea8680c1542", "bannerImage": "fashion/banner/3_msfxikF.jpg", "bannerImageTwo": "", "titleOne": "Leather bag", "titleTwo": "", "titleThree": "", "titleFour": ""}}, {"model": "bigdealapp.banner", "pk": "e7c7a9b4-f1ea-41f0-a7b8-7ed9091a9c1f", "fields": {"bannerTheme": "c5347c25-f4b5-4ee4-8094-17dccdbcb0f8", "bannerType": "d3cc343c-fefb-4980-8b9e-3316579e3b43", "bannerProduct": "9854a620-c417-4db6-b556-96746304391b", "bannerImage": "fashion/banner/1_6WuSNVE.jpg", "bannerImageTwo": "fashion/banner/2_Vi4VkO1.jpg", "titleOne": "insta-3", "titleTwo": "", "titleThree": "", "titleFour": ""}}, {"model": "bigdealapp.banner", "pk": "e8e140ed-d781-4140-ba68-91cea44d7c98", "fields": {"bannerTheme": "faade548-bda0-44c5-8779-32739e05c30c", "bannerType": "d3cc343c-fefb-4980-8b9e-3316579e3b43", "bannerProduct": "eccadf99-b639-489d-a0af-b341c795710c", "bannerImage": "fashion/banner/3_YWKU700.jpg", "bannerImageTwo": "", "titleOne": "insta-3", "titleTwo": "", "titleThree": "", "titleFour": ""}}, {"model": "bigdealapp.banner", "pk": "e8fa4f5c-181d-4fc9-8f1f-73e5fde71839", "fields": {"bannerTheme": "c971a213-2ce8-4f9d-b05b-69365d51ed8e", "bannerType": "24a223c1-575f-4d95-86f0-d03dd533e62a", "bannerProduct": "fca5a5b1-0a96-4a06-b502-af30c6679259", "bannerImage": "fashion/banner/3_xwZxG3i.jpg", "bannerImageTwo": "", "titleOne": "m3", "titleTwo": "", "titleThree": "", "titleFour": ""}}, {"model": "bigdealapp.banner", "pk": "eb833209-f7bb-461c-8af8-c9d76f023aaf", "fields": {"bannerTheme": "c5347c25-f4b5-4ee4-8094-17dccdbcb0f8", "bannerType": "b91d0c50-7b54-4c53-8c5f-462882d83351", "bannerProduct": "24c37a05-bd3f-4ca4-ae2a-90ad5c4379c6", "bannerImage": "fashion/banner/4_z8QwdVN.jpg", "bannerImageTwo": "", "titleOne": "Leather bag", "titleTwo": "", "titleThree": "", "titleFour": ""}}, {"model": "bigdealapp.banner", "pk": "ec19ac41-6628-4754-a601-0b3bf0cad042", "fields": {"bannerTheme": "faade548-bda0-44c5-8779-32739e05c30c", "bannerType": "d3cc343c-fefb-4980-8b9e-3316579e3b43", "bannerProduct": "76c5d2cb-19df-49a0-98cf-541c76c90bb9", "bannerImage": "fashion/banner/2_HddLgcv.jpg", "bannerImageTwo": "", "titleOne": "insta-2", "titleTwo": "", "titleThree": "", "titleFour": ""}}, {"model": "bigdealapp.banner", "pk": "ec9ffcc8-9247-449a-b958-4790935a3c90", "fields": {"bannerTheme": "c971a213-2ce8-4f9d-b05b-69365d51ed8e", "bannerType": "d3cc343c-fefb-4980-8b9e-3316579e3b43", "bannerProduct": "24c37a05-bd3f-4ca4-ae2a-90ad5c4379c6", "bannerImage": "fashion/banner/4_thYdY15.jpg", "bannerImageTwo": "", "titleOne": "insta-4", "titleTwo": "", "titleThree": "", "titleFour": ""}}, {"model": "bigdealapp.banner", "pk": "ecc72a79-f675-46a5-9ca1-2b32153e0b09", "fields": {"bannerTheme": "d48705c7-d5a7-45ff-90ac-e77fca6237df", "bannerType": "895be818-6d6b-448f-a273-81cf12297d9e", "bannerProduct": "3f290e90-f52b-495f-b75b-86da11fe542b", "bannerImage": "fashion/banner/3_nx81fW2.jpg", "bannerImageTwo": "", "titleOne": "Laptop", "titleTwo": "", "titleThree": "", "titleFour": ""}}, {"model": "bigdealapp.banner", "pk": "ed48390f-04d1-4c5e-94c0-f8a2455ac7a8", "fields": {"bannerTheme": "6d6ed1d8-6099-4191-8e23-25797560c245", "bannerType": "c1e08839-f30f-4910-b4c4-4c96b333cd48", "bannerProduct": "801c159b-8b9d-4f01-902a-0ea8680c1542", "bannerImage": "fashion/banner/2_85rwFgE.jpg", "bannerImageTwo": "", "titleOne": "white shoes", "titleTwo": "", "titleThree": "", "titleFour": ""}}, {"model": "bigdealapp.banner", "pk": "eff80242-5676-4cac-840e-d88a07a6d119", "fields": {"bannerTheme": "5405563a-a282-4a72-bf07-6d8b3f32bffd", "bannerType": "3251760f-9a3d-40f8-9dd5-4f65f09076b3", "bannerProduct": "bf4dc060-7b5d-461b-a42d-f21099115be5", "bannerImage": "fashion/banner/2_qIT8o20.jpg", "bannerImageTwo": "", "titleOne": "Refrigerator Special", "titleTwo": "", "titleThree": "", "titleFour": ""}}, {"model": "bigdealapp.banner", "pk": "f1053b43-348d-4efd-a306-17d8f15d3df6", "fields": {"bannerTheme": "c5347c25-f4b5-4ee4-8094-17dccdbcb0f8", "bannerType": "1757559b-0394-4d46-89a9-3f369cae29de", "bannerProduct": "24c37a05-bd3f-4ca4-ae2a-90ad5c4379c6", "bannerImage": "fashion/banner/6_tRdDtWq.jpg", "bannerImageTwo": "", "titleOne": "jewellery", "titleTwo": "", "titleThree": "", "titleFour": ""}}, {"model": "bigdealapp.banner", "pk": "f1c83c43-edb0-4e69-922a-948ea7a6ee32", "fields": {"bannerTheme": "d48705c7-d5a7-45ff-90ac-e77fca6237df", "bannerType": "7ad3d5dd-888f-48d1-ba0c-de08fd352321", "bannerProduct": "fc4671ff-9841-41f3-9c83-8dc3b7d0d534", "bannerImage": "fashion/banner/1.1_Zn49Nk2.png", "bannerImageTwo": "", "titleOne": "Best Smartphone", "titleTwo": "", "titleThree": "", "titleFour": ""}}, {"model": "bigdealapp.banner", "pk": "f4e6fa6a-1ead-4ae1-af94-3ba8f4e6f3cd", "fields": {"bannerTheme": "d48705c7-d5a7-45ff-90ac-e77fca6237df", "bannerType": "3251760f-9a3d-40f8-9dd5-4f65f09076b3", "bannerProduct": "fc4671ff-9841-41f3-9c83-8dc3b7d0d534", "bannerImage": "fashion/banner/1_iU0hnKz.jpg", "bannerImageTwo": "", "titleOne": "Laptop Hub", "titleTwo": "", "titleThree": "", "titleFour": ""}}, {"model": "bigdealapp.banner", "pk": "f528ebae-80ff-45ad-baaf-289982ad62b2", "fields": {"bannerTheme": "faade548-bda0-44c5-8779-32739e05c30c", "bannerType": "24a223c1-575f-4d95-86f0-d03dd533e62a", "bannerProduct": "4e80ad8d-2789-4cb6-b0e1-e5d11abf6946", "bannerImage": "fashion/banner/4_6Us0jIv.jpg", "bannerImageTwo": "", "titleOne": "gown", "titleTwo": "", "titleThree": "", "titleFour": ""}}, {"model": "bigdealapp.banner", "pk": "f8bd477e-b432-49e0-a61e-26c428387c90", "fields": {"bannerTheme": "faade548-bda0-44c5-8779-32739e05c30c", "bannerType": "d3cc343c-fefb-4980-8b9e-3316579e3b43", "bannerProduct": "76c5d2cb-19df-49a0-98cf-541c76c90bb9", "bannerImage": "fashion/banner/10_TMlJqJI.jpg", "bannerImageTwo": "", "titleOne": "men", "titleTwo": "", "titleThree": "", "titleFour": ""}}, {"model": "bigdealapp.banner", "pk": "fe2219a1-80c3-430d-9a67-5547b332616a", "fields": {"bannerTheme": "5405563a-a282-4a72-bf07-6d8b3f32bffd", "bannerType": "3251760f-9a3d-40f8-9dd5-4f65f09076b3", "bannerProduct": "82ac4e95-ab4d-44d6-a892-5fd9c06fcab8", "bannerImage": "fashion/banner/1_Lyk5RjX.jpg", "bannerImageTwo": "", "titleOne": "Laptop Trending", "titleTwo": "", "titleThree": "", "titleFour": ""}}, {"model": "bigdealapp.banner", "pk": "ff5eb273-e842-43b5-87a4-8f47f71a8f88", "fields": {"bannerTheme": "c5347c25-f4b5-4ee4-8094-17dccdbcb0f8", "bannerType": "7ad3d5dd-888f-48d1-ba0c-de08fd352321", "bannerProduct": "c2d4f9d7-0a1b-451a-96c5-23e5610db324", "bannerImage": "fashion/banner/1.1_dyJp3C8.png", "bannerImageTwo": "", "titleOne": "good product", "titleTwo": "", "titleThree": "", "titleFour": ""}}, {"model": "bigdealapp.banner", "pk": "ff81dcd1-c944-4c15-95ea-4714223b02a8", "fields": {"bannerTheme": "faade548-bda0-44c5-8779-32739e05c30c", "bannerType": "24a223c1-575f-4d95-86f0-d03dd533e62a", "bannerProduct": "4e80ad8d-2789-4cb6-b0e1-e5d11abf6946", "bannerImage": "fashion/banner/2_phITjos.jpg", "bannerImageTwo": "", "titleOne": "off white dress", "titleTwo": "", "titleThree": "", "titleFour": ""}}, {"model": "bigdealapp.blogcategory", "pk": "aa1cf528-fb71-4b53-a567-2f8a10438234", "fields": {"categoryName": "layout2", "categoryImage": "fashion/blog/category/1_77YSSRn.jpg", "createdAt": "2023-07-11T09:01:59.665Z", "updatedAt": "2023-07-11T09:01:59.665Z", "slug": "aa1cf528-fb71-4b53-a567-2f8a10438234"}}, {"model": "bigdealapp.blog", "pk": "478d71f2-3a27-4bfd-a02f-cfca0d17c3b7", "fields": {"blogAuthor": "a6b09beb-b48f-4c52-a25a-8fa337df2675", "blogCategory": "aa1cf528-fb71-4b53-a567-2f8a10438234", "blogTitle": "Chetan Bhagat", "blogSubTitle": "Five point someone", "blogImage": "fashion/blag/blogimage/2_gZoa0xr.jpg", "blogDescription": "<p>The book is narrated by Hari, with some small passages by his friends Ryan and Alok, as well as a letter by Hari&#39;s girlfriend Neha Cherian. It deals with the lives of 3 friends, whose elation on making it to one of the best engineering colleges in India is quickly deflated by the rigor and monotony of the academic work. Most of the book deals with two plot lines. One is the numerous attempts by the trio to cope with and/or beat the system.&nbsp;</p>", "blogStatus": 1, "status": true, "createdAt": "2023-07-11T09:07:06.641Z", "updatedAt": "2023-07-11T10:09:42.643Z", "slug": "478d71f2-3a27-4bfd-a02f-cfca0d17c3b7"}}, {"model": "bigdealapp.blog", "pk": "b1477709-da42-492d-abef-bd4276dd744d", "fields": {"blogAuthor": "a6b09beb-b48f-4c52-a25a-8fa337df2675", "blogCategory": "aa1cf528-fb71-4b53-a567-2f8a10438234", "blogTitle": "Software", "blogSubTitle": "Computer", "blogImage": "fashion/blag/blogimage/1_ZDkl5Ii.jpg", "blogDescription": "<p>A shoe is an item of footwear intended to protect and comfort the human foot. Though the human foot can adapt to varied terrains and climate conditions, it is vulnerable, and shoes provide protection. Form was originally tied to function but over time shoes also became fashion items. Some shoes are worn as safety equipment, such as steel-toe boots, which are required footwear at industrial worksites.</p>", "blogStatus": 1, "status": true, "createdAt": "2023-07-11T09:08:44.057Z", "updatedAt": "2023-07-11T09:08:44.058Z", "slug": "b1477709-da42-492d-abef-bd4276dd744d"}}, {"model": "bigdealapp.blog", "pk": "f3256440-43d5-4523-8833-24efbb22b8d7", "fields": {"blogAuthor": "a6b09beb-b48f-4c52-a25a-8fa337df2675", "blogCategory": "aa1cf528-fb71-4b53-a567-2f8a10438234", "blogTitle": "Books", "blogSubTitle": "Author", "blogImage": "fashion/blag/blogimage/3_Ij5j6nT.jpg", "blogDescription": "<p>Ryan Oberoi: Ranchoddas Shamaldas Chanchad (Rancho) aka Phunsukh Wangdu (played by Aamir Khan (Hindi))/Panchavan Parivendan (Pari) aka Kosaksi Pasupugazh (played by Vijay (Tamil)), &ndash; A young, energetic and supposedly wealthy college going student who is passionate about engineering.&nbsp;</p>", "blogStatus": 1, "status": true, "createdAt": "2023-07-11T09:07:35.387Z", "updatedAt": "2023-07-11T10:09:33.971Z", "slug": "f3256440-43d5-4523-8833-24efbb22b8d7"}}, {"model": "accounts.customuser", "pk": "a5aaed0b-45f5-4bbb-896a-0bbae9986cf7", "fields": {"password": "pbkdf2_sha256$600000$pviQcLudqa7wCJyLbb86us$Obq4G+CEkjKagemYxsWdBzD1Aixo1WaNO6QGg5B5tDc=", "last_login": "2023-07-17T08:22:31.160Z", "email": "customer1@gmail.com", "username": "customer1", "profilePicture": "", "is_active": true, "is_admin": false, "is_staff": false, "is_vendor": false, "is_customer": true, "created_at": "2023-07-05T10:11:02.803Z", "updated_at": "2023-07-05T10:11:02.824Z", "groups": [1], "user_permissions": []}}, {"model": "accounts.customuser", "pk": "a6b09beb-b48f-4c52-a25a-8fa337df2675", "fields": {"password": "pbkdf2_sha256$600000$YXNNWdSprbwqcJUIkhu2Au$3VFmtd4edD5jFjnvlsjdHEQp2K0glK2s7h5caL/allM=", "last_login": "2023-07-17T03:45:42.588Z", "email": "admin@gmail.com", "username": "admin", "profilePicture": "", "is_active": true, "is_admin": true, "is_staff": true, "is_vendor": false, "is_customer": false, "created_at": "2023-07-04T10:44:14.665Z", "updated_at": "2023-07-04T10:44:14.665Z", "groups": [], "user_permissions": []}}, {"model": "accounts.customer", "pk": "63004503-454a-41a6-a038-ad270eee2dfa", "fields": {"customer": "a5aaed0b-45f5-4bbb-896a-0bbae9986cf7", "customerName": "customer1", "customerContact": "", "customerAddress": null, "customerWalletBalance": "0.00", "created_at": "2023-07-05T10:11:02.805Z", "updated_at": "2023-07-05T10:11:02.806Z"}}, {"model": "accounts.admin", "pk": "f4ea230e-840d-4212-aaad-5c0f24af590a", "fields": {"admin": "a6b09beb-b48f-4c52-a25a-8fa337df2675", "adminName": "admin", "adminContact": "", "adminAddress": null, "adminWalletBalance": "0.00", "adminCommissionProfit": "0.00", "created_at": "2023-07-04T10:44:14.674Z", "updated_at": "2023-07-04T10:44:14.676Z"}}, {"model": "accounts.temporarydata", "pk": "2c7cc3bb-5118-443f-b9ed-b6e0ffe3fce7", "fields": {"TemporaryDataByUser": "a6b09beb-b48f-4c52-a25a-8fa337df2675", "otpNumber": null, "otpExpiryTime": null}}, {"model": "accounts.temporarydata", "pk": "a7f68b45-9e27-4183-879f-41cf58a08258", "fields": {"TemporaryDataByUser": "a5aaed0b-45f5-4bbb-896a-0bbae9986cf7", "otpNumber": null, "otpExpiryTime": null}}, {"model": "product.procategory", "pk": "0d063b1f-1d10-4af6-883c-fab8537b052d", "fields": {"categoryName": "megastore3", "categoryImage": "fashion/category/3_WUCoPtH.jpg", "parent": "7743c7df-b182-4280-ad0b-496fb769cc3a", "categoryProductCommission": "0.00", "categoryTotalProduct": 0, "slug": "megastore3", "lft": 22, "rght": 29, "tree_id": 7, "level": 1}}, {"model": "product.procategory", "pk": "19ea7cb4-e62d-4806-ab26-45e957942eb4", "fields": {"categoryName": "fresh coffee powder", "categoryImage": "fashion/category/6_IVu2E5b.jpg", "parent": "bf064c7f-b512-4b1a-9e1d-4a81d8b8df38", "categoryProductCommission": "0.00", "categoryTotalProduct": 0, "slug": "fresh-coffee-powder", "lft": 35, "rght": 36, "tree_id": 7, "level": 2}}, {"model": "product.procategory", "pk": "1fbb85eb-9454-43c6-a109-47f82744d560", "fields": {"categoryName": "Syska", "categoryImage": "fashion/category/7.jpg", "parent": "7743c7df-b182-4280-ad0b-496fb769cc3a", "categoryProductCommission": "0.00", "categoryTotalProduct": 1, "slug": "syska", "lft": 4, "rght": 5, "tree_id": 7, "level": 1}}, {"model": "product.procategory", "pk": "2a4ebb7d-5da3-48c3-9661-7f2b7e252b91", "fields": {"categoryName": "White Pepper Powder", "categoryImage": "fashion/category/13.jpg", "parent": "0d063b1f-1d10-4af6-883c-fab8537b052d", "categoryProductCommission": "0.00", "categoryTotalProduct": 0, "slug": "white-pepper-powder", "lft": 25, "rght": 26, "tree_id": 7, "level": 2}}, {"model": "product.procategory", "pk": "35659f63-7770-4382-90cb-647c5157d9dc", "fields": {"categoryName": "vegetable & fruits", "categoryImage": "fashion/category/1_9eKG3sJ.jpg", "parent": "0d063b1f-1d10-4af6-883c-fab8537b052d", "categoryProductCommission": "0.00", "categoryTotalProduct": 0, "slug": "vegetable-fruits", "lft": 27, "rght": 28, "tree_id": 7, "level": 2}}, {"model": "product.procategory", "pk": "359fb703-5c80-43c8-b46e-5f53e21e04f2", "fields": {"categoryName": "ms3", "categoryImage": "fashion/category/agenlaku-indonesia-FoUETBpb6mY-unsplash.jpg", "parent": null, "categoryProductCommission": "0.00", "categoryTotalProduct": 0, "slug": "ms3", "lft": 1, "rght": 6, "tree_id": 5, "level": 0}}, {"model": "product.procategory", "pk": "3731c43b-bb07-4255-a625-69444d1396da", "fields": {"categoryName": "ms4", "categoryImage": "fashion/category/alexunder-hess-bWZAPKm0zZE-unsplash.jpg", "parent": null, "categoryProductCommission": "0.00", "categoryTotalProduct": 0, "slug": "ms4", "lft": 1, "rght": 6, "tree_id": 6, "level": 0}}, {"model": "product.procategory", "pk": "5a657015-f0f9-4dfd-ac5c-e51e44132e0f", "fields": {"categoryName": "Barbecue sauce", "categoryImage": "fashion/category/5_XndlCFA.jpg", "parent": "bf064c7f-b512-4b1a-9e1d-4a81d8b8df38", "categoryProductCommission": "0.00", "categoryTotalProduct": 0, "slug": "barbecue-sauce", "lft": 31, "rght": 32, "tree_id": 7, "level": 2}}, {"model": "product.procategory", "pk": "5c6fd217-5902-4000-8183-fd4ffa180409", "fields": {"categoryName": "camera", "categoryImage": "fashion/category/3.jpg", "parent": "359fb703-5c80-43c8-b46e-5f53e21e04f2", "categoryProductCommission": "0.00", "categoryTotalProduct": 1, "slug": "camera", "lft": 2, "rght": 3, "tree_id": 5, "level": 1}}, {"model": "product.procategory", "pk": "5e885bf3-4be4-4ce3-af7e-78f40635a785", "fields": {"categoryName": "ms1", "categoryImage": "fashion/category/pexels-pixabay-279906.jpg", "parent": null, "categoryProductCommission": "0.00", "categoryTotalProduct": 1, "slug": "ms1", "lft": 1, "rght": 4, "tree_id": 3, "level": 0}}, {"model": "product.procategory", "pk": "68aa3bfd-b6f1-4e9e-a5a8-525b866d0800", "fields": {"categoryName": "Tomato sauce", "categoryImage": "fashion/category/4_kbUQz4h.jpg", "parent": "0d063b1f-1d10-4af6-883c-fab8537b052d", "categoryProductCommission": "0.00", "categoryTotalProduct": 0, "slug": "tomato-sauce", "lft": 23, "rght": 24, "tree_id": 7, "level": 2}}, {"model": "product.procategory", "pk": "759e147d-a28c-45a4-984a-a8837f3b4525", "fields": {"categoryName": "sports watches", "categoryImage": "fashion/category/8_oCJn1G3.jpg", "parent": "d033b4d7-8447-4c68-a9f7-4c9087cd9b9f", "categoryProductCommission": "0.00", "categoryTotalProduct": 0, "slug": "sports-watches", "lft": 11, "rght": 12, "tree_id": 7, "level": 2}}, {"model": "product.procategory", "pk": "7743c7df-b182-4280-ad0b-496fb769cc3a", "fields": {"categoryName": "ms5", "categoryImage": "fashion/category/joan-tran-reEySFadyJQ-unsplash.jpg", "parent": null, "categoryProductCommission": "0.00", "categoryTotalProduct": 0, "slug": "ms5", "lft": 1, "rght": 38, "tree_id": 7, "level": 0}}, {"model": "product.procategory", "pk": "783c1000-a701-4d33-a3cf-ed1f1d168c0e", "fields": {"categoryName": "Sofa beds", "categoryImage": "fashion/category/12.jpg", "parent": "86647e14-839f-4d17-a51f-088a63e5a275", "categoryProductCommission": "0.00", "categoryTotalProduct": 0, "slug": "sofa-beds", "lft": 19, "rght": 20, "tree_id": 7, "level": 2}}, {"model": "product.procategory", "pk": "7a2e176e-1cde-4895-87ed-c10355a5f6ae", "fields": {"categoryName": "shirt", "categoryImage": "fashion/category/mediamodifier-ogmenj2NGho-unsplash.jpg", "parent": "97836ab1-c5d4-4aa0-8d49-ba16076c644b", "categoryProductCommission": "0.00", "categoryTotalProduct": 0, "slug": "shirt", "lft": 8, "rght": 9, "tree_id": 4, "level": 1}}, {"model": "product.procategory", "pk": "82908991-2b80-40a7-bb7c-4d17da40340e", "fields": {"categoryName": "Office Blazer", "categoryImage": "fashion/category/6_PjYvzYT.jpg", "parent": "d033b4d7-8447-4c68-a9f7-4c9087cd9b9f", "categoryProductCommission": "0.00", "categoryTotalProduct": 0, "slug": "office-blazer", "lft": 7, "rght": 8, "tree_id": 7, "level": 2}}, {"model": "product.procategory", "pk": "82d1eb92-5dc4-4bfb-8cf0-77eccadd147b", "fields": {"categoryName": "Jeans", "categoryImage": "fashion/category/6.jpg", "parent": "97836ab1-c5d4-4aa0-8d49-ba16076c644b", "categoryProductCommission": "0.00", "categoryTotalProduct": 0, "slug": "jeans", "lft": 4, "rght": 5, "tree_id": 4, "level": 1}}, {"model": "product.procategory", "pk": "86647e14-839f-4d17-a51f-088a63e5a275", "fields": {"categoryName": "megastore2", "categoryImage": "fashion/category/2_V5ZXuvb.jpg", "parent": "7743c7df-b182-4280-ad0b-496fb769cc3a", "categoryProductCommission": "0.00", "categoryTotalProduct": 0, "slug": "megastore2", "lft": 14, "rght": 21, "tree_id": 7, "level": 1}}, {"model": "product.procategory", "pk": "8a4158b7-e3ce-41dd-b003-628f01224080", "fields": {"categoryName": "Dressing", "categoryImage": "fashion/category/a2.jpg", "parent": "3731c43b-bb07-4255-a625-69444d1396da", "categoryProductCommission": "4.00", "categoryTotalProduct": 1, "slug": "dressing", "lft": 2, "rght": 3, "tree_id": 6, "level": 1}}, {"model": "product.procategory", "pk": "8c420bb1-ee0a-4b18-a7d4-d2a589cafaf9", "fields": {"categoryName": "Philips", "categoryImage": "fashion/category/2_mDrhw35.jpg", "parent": "7743c7df-b182-4280-ad0b-496fb769cc3a", "categoryProductCommission": "1.00", "categoryTotalProduct": 1, "slug": "philips", "lft": 2, "rght": 3, "tree_id": 7, "level": 1}}, {"model": "product.procategory", "pk": "951323a9-d1f3-4aec-99f2-7db2a26cd5d9", "fields": {"categoryName": "MI", "categoryImage": "fashion/category/11_HgyaTxS.jpg", "parent": "b3161255-2cfd-48e2-a5b7-c47ea69c6f03", "categoryProductCommission": "0.00", "categoryTotalProduct": 1, "slug": "mi", "lft": 4, "rght": 5, "tree_id": 2, "level": 1}}, {"model": "product.procategory", "pk": "97836ab1-c5d4-4aa0-8d49-ba16076c644b", "fields": {"categoryName": "ms2", "categoryImage": "fashion/category/11.jpg", "parent": null, "categoryProductCommission": "0.00", "categoryTotalProduct": 0, "slug": "ms2", "lft": 1, "rght": 10, "tree_id": 4, "level": 0}}, {"model": "product.procategory", "pk": "a390ca5f-6ec6-4610-b845-f41c29086249", "fields": {"categoryName": "Electronic", "categoryImage": "fashion/category/9.png", "parent": "5e885bf3-4be4-4ce3-af7e-78f40635a785", "categoryProductCommission": "0.00", "categoryTotalProduct": 1, "slug": "electronic", "lft": 2, "rght": 3, "tree_id": 3, "level": 1}}, {"model": "product.procategory", "pk": "ab6a5421-06e9-47ce-9e22-59dd3565f0d8", "fields": {"categoryName": "Storage cabinets", "categoryImage": "fashion/category/10_CACHdlO.jpg", "parent": "bf064c7f-b512-4b1a-9e1d-4a81d8b8df38", "categoryProductCommission": "0.00", "categoryTotalProduct": 0, "slug": "storage-cabinets", "lft": 33, "rght": 34, "tree_id": 7, "level": 2}}, {"model": "product.procategory", "pk": "b3161255-2cfd-48e2-a5b7-c47ea69c6f03", "fields": {"categoryName": "Electronics", "categoryImage": "fashion/category/1.1.png", "parent": null, "categoryProductCommission": "2.00", "categoryTotalProduct": 0, "slug": "electronics", "lft": 1, "rght": 6, "tree_id": 2, "level": 0}}, {"model": "product.procategory", "pk": "bf064c7f-b512-4b1a-9e1d-4a81d8b8df38", "fields": {"categoryName": "megastore4", "categoryImage": "fashion/category/4.jpg", "parent": "7743c7df-b182-4280-ad0b-496fb769cc3a", "categoryProductCommission": "0.00", "categoryTotalProduct": 0, "slug": "megastore4", "lft": 30, "rght": 37, "tree_id": 7, "level": 1}}, {"model": "product.procategory", "pk": "c6340325-b211-4e98-8878-78211d503162", "fields": {"categoryName": "Washing machine", "categoryImage": "fashion/category/8_i6wCMk9.jpg", "parent": "3731c43b-bb07-4255-a625-69444d1396da", "categoryProductCommission": "0.00", "categoryTotalProduct": 1, "slug": "washing-machine", "lft": 4, "rght": 5, "tree_id": 6, "level": 1}}, {"model": "product.procategory", "pk": "cbe10e02-326c-43be-a4fa-bd0b8b477bb8", "fields": {"categoryName": "Jacket", "categoryImage": "fashion/category/8.jpg", "parent": "97836ab1-c5d4-4aa0-8d49-ba16076c644b", "categoryProductCommission": "0.00", "categoryTotalProduct": 1, "slug": "jacket", "lft": 2, "rght": 3, "tree_id": 4, "level": 1}}, {"model": "product.procategory", "pk": "d033b4d7-8447-4c68-a9f7-4c9087cd9b9f", "fields": {"categoryName": "megastore1", "categoryImage": "fashion/category/1.jpg", "parent": "7743c7df-b182-4280-ad0b-496fb769cc3a", "categoryProductCommission": "0.00", "categoryTotalProduct": 0, "slug": "megastore1", "lft": 6, "rght": 13, "tree_id": 7, "level": 1}}, {"model": "product.procategory", "pk": "d98e6018-7aa9-45a0-aa60-a9f1d72c7277", "fields": {"categoryName": "Chesterfield Chair", "categoryImage": "fashion/category/9.jpg", "parent": "86647e14-839f-4d17-a51f-088a63e5a275", "categoryProductCommission": "0.00", "categoryTotalProduct": 0, "slug": "chesterfield-chair", "lft": 17, "rght": 18, "tree_id": 7, "level": 2}}, {"model": "product.procategory", "pk": "e190ebc1-9608-4ee9-882f-d000a142305e", "fields": {"categoryName": "AGARO", "categoryImage": "fashion/category/1_NYQ0xsV.jpg", "parent": "b3161255-2cfd-48e2-a5b7-c47ea69c6f03", "categoryProductCommission": "0.00", "categoryTotalProduct": 1, "slug": "agaro", "lft": 2, "rght": 3, "tree_id": 2, "level": 1}}, {"model": "product.procategory", "pk": "e28ee4d1-2d33-4a29-8dfe-0a30ed4728f8", "fields": {"categoryName": "Bunching Table", "categoryImage": "fashion/category/10.jpg", "parent": "86647e14-839f-4d17-a51f-088a63e5a275", "categoryProductCommission": "0.00", "categoryTotalProduct": 0, "slug": "bunching-table", "lft": 15, "rght": 16, "tree_id": 7, "level": 2}}, {"model": "product.procategory", "pk": "f19689d9-ed50-4a12-8dca-db30742827c3", "fields": {"categoryName": "electronics2", "categoryImage": "fashion/category/5.jpg", "parent": "97836ab1-c5d4-4aa0-8d49-ba16076c644b", "categoryProductCommission": "5.00", "categoryTotalProduct": 1, "slug": "electronics2", "lft": 6, "rght": 7, "tree_id": 4, "level": 1}}, {"model": "product.procategory", "pk": "f3bd418e-4fee-4615-a98b-8fb9b36b81ed", "fields": {"categoryName": "Winter Jackets", "categoryImage": "fashion/category/5_D0ZE8Yd.jpg", "parent": "d033b4d7-8447-4c68-a9f7-4c9087cd9b9f", "categoryProductCommission": "0.00", "categoryTotalProduct": 0, "slug": "winter-jackets", "lft": 9, "rght": 10, "tree_id": 7, "level": 2}}, {"model": "product.procategory", "pk": "fdfdc50f-e4a4-42fb-a29b-9a7930e78f16", "fields": {"categoryName": "wallet", "categoryImage": "fashion/category/2.jpg", "parent": "359fb703-5c80-43c8-b46e-5f53e21e04f2", "categoryProductCommission": "2.00", "categoryTotalProduct": 1, "slug": "wallet", "lft": 4, "rght": 5, "tree_id": 5, "level": 1}}, {"model": "product.probrand", "pk": "0c8daa67-cbc1-4e64-86f3-5aee1b079d91", "fields": {"brandName": "Samsung", "brandTotalProduct": 2, "slug": "samsung"}}, {"model": "product.probrand", "pk": "0dc92a17-fdb9-469a-8a12-84afa9b04970", "fields": {"brandName": "Gucci", "brandTotalProduct": 1, "slug": "gucci"}}, {"model": "product.probrand", "pk": "11d55a5d-89d0-4f92-b168-a09a66285f11", "fields": {"brandName": "Phillips", "brandTotalProduct": 1, "slug": "phillips"}}, {"model": "product.probrand", "pk": "1b69c985-d8b3-4f22-8640-7cd56f998d3c", "fields": {"brandName": "Spykar", "brandTotalProduct": 0, "slug": "spykar"}}, {"model": "product.probrand", "pk": "1bbab98d-6852-4c8d-b082-9046abf92eea", "fields": {"brandName": "Iphone", "brandTotalProduct": 1, "slug": "iphone"}}, {"model": "product.probrand", "pk": "2c2b7aa0-34f4-45dc-b450-a26291888e5c", "fields": {"brandName": "Louis Philippe", "brandTotalProduct": 1, "slug": "louis-philippe"}}, {"model": "product.probrand", "pk": "54b8803e-f6e8-495b-b693-4c72da68f630", "fields": {"brandName": "Louis Vuition", "brandTotalProduct": 0, "slug": "louis-vuition"}}, {"model": "product.probrand", "pk": "66b434e9-b009-4baa-a35a-c54f4bbe6e94", "fields": {"brandName": "Syska", "brandTotalProduct": 0, "slug": "syska"}}, {"model": "product.probrand", "pk": "76286230-cfb5-4e53-8749-164e1bd9304a", "fields": {"brandName": "LG", "brandTotalProduct": 1, "slug": "lg"}}, {"model": "product.probrand", "pk": "8c481292-3ffe-4531-b8a7-24eff4117132", "fields": {"brandName": "AGARO", "brandTotalProduct": 1, "slug": "agaro"}}, {"model": "product.probrand", "pk": "90898e8d-9907-4eb7-8652-2868a522aa29", "fields": {"brandName": "MI", "brandTotalProduct": 1, "slug": "mi"}}, {"model": "product.probrand", "pk": "bae04853-d5af-4b51-8c47-13b2792ba841", "fields": {"brandName": "Nikon", "brandTotalProduct": 1, "slug": "nikon"}}, {"model": "product.probrand", "pk": "bc12af99-1900-4130-970b-0b2a844517b0", "fields": {"brandName": "Allen Solly", "brandTotalProduct": 0, "slug": "allen-solly"}}, {"model": "product.probrand", "pk": "cb122f18-1b1e-49cb-812b-1db2612d140c", "fields": {"brandName": "Canon", "brandTotalProduct": 1, "slug": "canon"}}, {"model": "product.probrand", "pk": "cfe0e0cb-cad5-48a3-af0a-044cb719cdb1", "fields": {"brandName": "Oneplus", "brandTotalProduct": 1, "slug": "oneplus"}}, {"model": "product.probrand", "pk": "e47b8f3a-2794-499d-959c-f59be7af5bce", "fields": {"brandName": "Puma", "brandTotalProduct": 0, "slug": "puma"}}, {"model": "product.probrand", "pk": "eb8086af-2d6b-4d4c-b6c5-29894be1e9a1", "fields": {"brandName": "Nike", "brandTotalProduct": 0, "slug": "nike"}}, {"model": "product.probrand", "pk": "ec065af6-ceb9-4d48-bb3a-998cbfb58625", "fields": {"brandName": "Godrej", "brandTotalProduct": 0, "slug": "godrej"}}, {"model": "product.product", "pk": "0165ca8e-bc93-4713-9cdb-6712f44249d6", "fields": {"productVendor": "a6b09beb-b48f-4c52-a25a-8fa337df2675", "productName": "Digital camera", "productType": "Simple", "productStatus": true, "proCategory": "5c6fd217-5902-4000-8183-fd4ffa180409", "productBrand": "cb122f18-1b1e-49cb-812b-1db2612d140c", "productUnit": null, "productDescription": "<p>wedding camera</p>", "productImageFront": "fashion/product/front/3.jpg", "productImageBack": "fashion/product/back/3.jpg", "productThumImage": "fashion/product/thumbnail/3.jpg", "productVideoProvider": null, "productVideoLink": null, "productWeight": 0, "productDimension": null, "productSKU": null, "productUpsells": null, "productCreatedAt": "2023-07-12T10:14:24.634Z", "productUpdatedAt": "2023-07-12T10:14:24.634Z", "productEndDate": "2023-07-17T10:14:24.633Z", "productNoOfReview": 0, "productRatingCount": 0, "productFinalRating": 0, "productSoldQuantity": 0, "slug": "digital-cameranone", "productCrossSells": []}}, {"model": "product.product", "pk": "06cf09c0-b6f5-4ad2-82e1-e1200681104c", "fields": {"productVendor": "a6b09beb-b48f-4c52-a25a-8fa337df2675", "productName": "Smart Tv", "productType": "Classified", "productStatus": true, "proCategory": "951323a9-d1f3-4aec-99f2-7db2a26cd5d9", "productBrand": "90898e8d-9907-4eb7-8652-2868a522aa29", "productUnit": null, "productDescription": "<p>Best 4k VIsion</p>", "productImageFront": "fashion/product/front/10_cZK4Uz6.jpg", "productImageBack": "fashion/product/back/10_TlmgVdK.jpg", "productThumImage": "fashion/product/thumbnail/10_g2lmudS.jpg", "productVideoProvider": null, "productVideoLink": null, "productWeight": 0, "productDimension": null, "productSKU": null, "productUpsells": null, "productCreatedAt": "2023-07-17T06:21:56.088Z", "productUpdatedAt": "2023-07-17T06:21:56.088Z", "productEndDate": "2023-07-22T06:21:56.087Z", "productNoOfReview": 0, "productRatingCount": 0, "productFinalRating": 0, "productSoldQuantity": 0, "slug": "smart-tvnone", "productCrossSells": []}}, {"model": "product.product", "pk": "0716889e-7d4d-4798-b733-eee1e34c7ef0", "fields": {"productVendor": "a6b09beb-b48f-4c52-a25a-8fa337df2675", "productName": "Fancy Jacket", "productType": "Simple", "productStatus": true, "proCategory": "cbe10e02-326c-43be-a4fa-bd0b8b477bb8", "productBrand": "2c2b7aa0-34f4-45dc-b450-a26291888e5c", "productUnit": null, "productDescription": "<p>Buy one get one free</p>", "productImageFront": "fashion/product/front/2.jpg", "productImageBack": "fashion/product/back/2.jpg", "productThumImage": "fashion/product/thumbnail/2.jpg", "productVideoProvider": null, "productVideoLink": null, "productWeight": 0, "productDimension": null, "productSKU": null, "productUpsells": null, "productCreatedAt": "2023-07-06T09:54:15.014Z", "productUpdatedAt": "2023-07-06T09:54:15.014Z", "productEndDate": "2023-07-11T09:54:15.013Z", "productNoOfReview": 0, "productRatingCount": 0, "productFinalRating": 0, "productSoldQuantity": 0, "slug": "fancy-jacketnone", "productCrossSells": []}}, {"model": "product.product", "pk": "07b17732-d80a-497a-bc57-003b8b1e252c", "fields": {"productVendor": "a6b09beb-b48f-4c52-a25a-8fa337df2675", "productName": "Trimmer", "productType": "Simple", "productStatus": true, "proCategory": "8c420bb1-ee0a-4b18-a7d4-d2a589cafaf9", "productBrand": "11d55a5d-89d0-4f92-b168-a09a66285f11", "productUnit": null, "productDescription": "<p>Best saving</p>", "productImageFront": "fashion/product/front/2_mKzGs1y.jpg", "productImageBack": "fashion/product/back/2_tItUkZ5.jpg", "productThumImage": "fashion/product/thumbnail/2_FA02L8e.jpg", "productVideoProvider": null, "productVideoLink": null, "productWeight": 0, "productDimension": null, "productSKU": null, "productUpsells": null, "productCreatedAt": "2023-07-14T04:53:18.454Z", "productUpdatedAt": "2023-07-14T04:53:18.454Z", "productEndDate": "2023-07-19T04:53:18.453Z", "productNoOfReview": 0, "productRatingCount": 0, "productFinalRating": 0, "productSoldQuantity": 0, "slug": "trimmernone", "productCrossSells": []}}, {"model": "product.product", "pk": "0ef0f240-7671-4a7b-ae5b-375fe15329ed", "fields": {"productVendor": "a6b09beb-b48f-4c52-a25a-8fa337df2675", "productName": "Bluetooth Speaker", "productType": "Classified", "productStatus": true, "proCategory": "5e885bf3-4be4-4ce3-af7e-78f40635a785", "productBrand": "cfe0e0cb-cad5-48a3-af0a-044cb719cdb1", "productUnit": null, "productDescription": "<p>great sound</p>", "productImageFront": "fashion/product/front/7.jpg", "productImageBack": "fashion/product/back/7.jpg", "productThumImage": "fashion/product/thumbnail/7.jpg", "productVideoProvider": null, "productVideoLink": null, "productWeight": 0, "productDimension": null, "productSKU": null, "productUpsells": null, "productCreatedAt": "2023-07-10T10:22:58.353Z", "productUpdatedAt": "2023-07-10T10:22:58.353Z", "productEndDate": "2023-07-15T10:22:58.351Z", "productNoOfReview": 0, "productRatingCount": 0, "productFinalRating": 0, "productSoldQuantity": 0, "slug": "bluetooth-speakernone", "productCrossSells": []}}, {"model": "product.product", "pk": "18283a17-1c0b-4549-aa9b-e1e205145cdf", "fields": {"productVendor": "a6b09beb-b48f-4c52-a25a-8fa337df2675", "productName": "Dressing Table", "productType": "Simple", "productStatus": true, "proCategory": "8a4158b7-e3ce-41dd-b003-628f01224080", "productBrand": "0c8daa67-cbc1-4e64-86f3-5aee1b079d91", "productUnit": null, "productDescription": "<p>Beautiful dressing</p>", "productImageFront": "fashion/product/front/8.jpg", "productImageBack": "fashion/product/back/8.jpg", "productThumImage": "fashion/product/thumbnail/8.jpg", "productVideoProvider": null, "productVideoLink": null, "productWeight": 0, "productDimension": null, "productSKU": null, "productUpsells": null, "productCreatedAt": "2023-07-13T08:20:06.693Z", "productUpdatedAt": "2023-07-13T08:20:06.693Z", "productEndDate": "2023-07-18T08:20:06.691Z", "productNoOfReview": 0, "productRatingCount": 0, "productFinalRating": 0, "productSoldQuantity": 0, "slug": "dressing-tablenone", "productCrossSells": []}}, {"model": "product.product", "pk": "2821bc56-d7e9-402d-8561-b4d0d3480731", "fields": {"productVendor": "a6b09beb-b48f-4c52-a25a-8fa337df2675", "productName": "Camera", "productType": "Simple", "productStatus": true, "proCategory": "f19689d9-ed50-4a12-8dca-db30742827c3", "productBrand": "bae04853-d5af-4b51-8c47-13b2792ba841", "productUnit": null, "productDescription": "<p>Nikon Photography</p>", "productImageFront": "fashion/product/front/4.jpg", "productImageBack": "fashion/product/back/4.jpg", "productThumImage": "fashion/product/thumbnail/4.jpg", "productVideoProvider": null, "productVideoLink": null, "productWeight": 0, "productDimension": null, "productSKU": null, "productUpsells": null, "productCreatedAt": "2023-07-11T05:06:56.791Z", "productUpdatedAt": "2023-07-11T05:06:56.791Z", "productEndDate": "2023-07-16T05:06:56.789Z", "productNoOfReview": 0, "productRatingCount": 0, "productFinalRating": 0, "productSoldQuantity": 0, "slug": "cameranone", "productCrossSells": []}}, {"model": "product.product", "pk": "77092b66-4309-4bd3-9f1a-104186d35fc4", "fields": {"productVendor": "a6b09beb-b48f-4c52-a25a-8fa337df2675", "productName": "Leather Bag", "productType": "Simple", "productStatus": true, "proCategory": "fdfdc50f-e4a4-42fb-a29b-9a7930e78f16", "productBrand": "0dc92a17-fdb9-469a-8a12-84afa9b04970", "productUnit": null, "productDescription": "<p>Leather brand</p>", "productImageFront": "fashion/product/front/1_y4qRaO5.jpg", "productImageBack": "fashion/product/back/2_SdJxdN2.jpg", "productThumImage": "fashion/product/thumbnail/1_gASvkOI.jpg", "productVideoProvider": null, "productVideoLink": null, "productWeight": 0, "productDimension": null, "productSKU": null, "productUpsells": null, "productCreatedAt": "2023-07-12T10:13:32.332Z", "productUpdatedAt": "2023-07-12T10:13:32.332Z", "productEndDate": "2023-07-17T10:13:32.331Z", "productNoOfReview": 0, "productRatingCount": 0, "productFinalRating": 0, "productSoldQuantity": 0, "slug": "leather-bagnone", "productCrossSells": []}}, {"model": "product.product", "pk": "8b9ea8bb-da5d-4568-9ad0-2dfabc5f1faf", "fields": {"productVendor": "a6b09beb-b48f-4c52-a25a-8fa337df2675", "productName": "Vacuum Cleaner", "productType": "Simple", "productStatus": true, "proCategory": "e190ebc1-9608-4ee9-882f-d000a142305e", "productBrand": "8c481292-3ffe-4531-b8a7-24eff4117132", "productUnit": null, "productDescription": "<p>easy to use</p>", "productImageFront": "fashion/product/front/1_Eokz6yX.jpg", "productImageBack": "fashion/product/back/1_dnprLU0.jpg", "productThumImage": "fashion/product/thumbnail/1_dS8RRAo.jpg", "productVideoProvider": null, "productVideoLink": null, "productWeight": 0, "productDimension": null, "productSKU": null, "productUpsells": null, "productCreatedAt": "2023-07-17T06:12:49.139Z", "productUpdatedAt": "2023-07-17T06:12:49.139Z", "productEndDate": "2023-07-22T06:12:49.137Z", "productNoOfReview": 0, "productRatingCount": 0, "productFinalRating": 0, "productSoldQuantity": 0, "slug": "vacuum-cleanernone", "productCrossSells": []}}, {"model": "product.product", "pk": "a2610f7b-1fb0-4bcf-9a5d-26dbad66decf", "fields": {"productVendor": "a6b09beb-b48f-4c52-a25a-8fa337df2675", "productName": "LG Machine", "productType": "Classified", "productStatus": true, "proCategory": "c6340325-b211-4e98-8878-78211d503162", "productBrand": "76286230-cfb5-4e53-8749-164e1bd9304a", "productUnit": null, "productDescription": "<p>Super Quality</p>", "productImageFront": "fashion/product/front/a2.jpg", "productImageBack": "fashion/product/back/a2.jpg", "productThumImage": "fashion/product/thumbnail/a2.jpg", "productVideoProvider": null, "productVideoLink": null, "productWeight": 0, "productDimension": null, "productSKU": null, "productUpsells": null, "productCreatedAt": "2023-07-13T08:22:49.766Z", "productUpdatedAt": "2023-07-13T08:22:49.766Z", "productEndDate": "2023-07-18T08:22:49.763Z", "productNoOfReview": 0, "productRatingCount": 0, "productFinalRating": 0, "productSoldQuantity": 0, "slug": "lg-machinenone", "productCrossSells": []}}, {"model": "product.product", "pk": "f3657b46-64cd-44c9-bc11-28b928811f66", "fields": {"productVendor": "a6b09beb-b48f-4c52-a25a-8fa337df2675", "productName": "Samsung galaxy", "productType": "Classified", "productStatus": true, "proCategory": "1fbb85eb-9454-43c6-a109-47f82744d560", "productBrand": "0c8daa67-cbc1-4e64-86f3-5aee1b079d91", "productUnit": null, "productDescription": "<p>Best camera quality</p>", "productImageFront": "fashion/product/front/10.jpg", "productImageBack": "fashion/product/back/10.jpg", "productThumImage": "fashion/product/thumbnail/10.jpg", "productVideoProvider": null, "productVideoLink": null, "productWeight": 0, "productDimension": null, "productSKU": null, "productUpsells": null, "productCreatedAt": "2023-07-14T04:55:38.774Z", "productUpdatedAt": "2023-07-14T04:55:38.774Z", "productEndDate": "2023-07-19T04:55:38.773Z", "productNoOfReview": 0, "productRatingCount": 0, "productFinalRating": 0, "productSoldQuantity": 0, "slug": "samsung-galaxynone", "productCrossSells": []}}, {"model": "product.product", "pk": "fdccb501-41fc-400d-b21d-7febf48ca4c9", "fields": {"productVendor": "a6b09beb-b48f-4c52-a25a-8fa337df2675", "productName": "Iphone-14", "productType": "Simple", "productStatus": true, "proCategory": "a390ca5f-6ec6-4610-b845-f41c29086249", "productBrand": "1bbab98d-6852-4c8d-b082-9046abf92eea", "productUnit": null, "productDescription": "<p>Quality build</p>", "productImageFront": "fashion/product/front/1.jpg", "productImageBack": "fashion/product/back/1.jpg", "productThumImage": "fashion/product/thumbnail/1.jpg", "productVideoProvider": null, "productVideoLink": null, "productWeight": 0, "productDimension": null, "productSKU": null, "productUpsells": null, "productCreatedAt": "2023-07-10T04:04:08.250Z", "productUpdatedAt": "2023-07-10T04:04:08.250Z", "productEndDate": "2023-07-15T04:04:08.248Z", "productNoOfReview": 0, "productRatingCount": 0, "productFinalRating": 0, "productSoldQuantity": 0, "slug": "iphone-14none", "productCrossSells": []}}, {"model": "product.productvariant", "pk": "24c37a05-bd3f-4ca4-ae2a-90ad5c4379c6", "fields": {"variantProduct": "2821bc56-d7e9-402d-8561-b4d0d3480731", "productVariantQuantity": 40, "productVariantStockStatus": "In Stock", "productVariantPrice": 45, "productVariantDiscount": 7, "productVariantDiscountPrice": 3, "productVariantFinalPrice": 42, "productVariantTax": 10, "productVariantTaxPrice": 4, "productVariantFinalPriceAfterTax": 46, "productVariantCreatedAt": "2023-07-11T05:06:56.798Z", "productVariantUpdatedAt": "2023-07-11T05:06:56.798Z", "slug": "camera24c37a05-bd3f-4ca4-ae2a-90ad5c4379c6", "productVariantAttribute": []}}, {"model": "product.productvariant", "pk": "3c9f3fc8-140f-49de-ba5b-4cfa3ad95883", "fields": {"variantProduct": "06cf09c0-b6f5-4ad2-82e1-e1200681104c", "productVariantQuantity": 45, "productVariantStockStatus": "In Stock", "productVariantPrice": 130, "productVariantDiscount": 15, "productVariantDiscountPrice": 20, "productVariantFinalPrice": 110, "productVariantTax": 20, "productVariantTaxPrice": 22, "productVariantFinalPriceAfterTax": 132, "productVariantCreatedAt": "2023-07-17T06:21:56.094Z", "productVariantUpdatedAt": "2023-07-17T06:21:56.094Z", "slug": "smart-tv3c9f3fc8-140f-49de-ba5b-4cfa3ad95883", "productVariantAttribute": ["5ff55af6-80e3-465a-966a-0ae2c710c80a", "adc79f4d-34f0-4bfd-a64a-f475f8535ea2"]}}, {"model": "product.productvariant", "pk": "3f290e90-f52b-495f-b75b-86da11fe542b", "fields": {"variantProduct": "f3657b46-64cd-44c9-bc11-28b928811f66", "productVariantQuantity": 50, "productVariantStockStatus": "In Stock", "productVariantPrice": 120, "productVariantDiscount": 10, "productVariantDiscountPrice": 12, "productVariantFinalPrice": 108, "productVariantTax": 20, "productVariantTaxPrice": 22, "productVariantFinalPriceAfterTax": 130, "productVariantCreatedAt": "2023-07-14T04:55:38.778Z", "productVariantUpdatedAt": "2023-07-14T04:55:38.778Z", "slug": "samsung-galaxy3f290e90-f52b-495f-b75b-86da11fe542b", "productVariantAttribute": ["5ff55af6-80e3-465a-966a-0ae2c710c80a", "adc79f4d-34f0-4bfd-a64a-f475f8535ea2"]}}, {"model": "product.productvariant", "pk": "4e80ad8d-2789-4cb6-b0e1-e5d11abf6946", "fields": {"variantProduct": "77092b66-4309-4bd3-9f1a-104186d35fc4", "productVariantQuantity": 50, "productVariantStockStatus": "In Stock", "productVariantPrice": 60, "productVariantDiscount": 10, "productVariantDiscountPrice": 6, "productVariantFinalPrice": 54, "productVariantTax": 15, "productVariantTaxPrice": 8, "productVariantFinalPriceAfterTax": 62, "productVariantCreatedAt": "2023-07-12T10:13:32.340Z", "productVariantUpdatedAt": "2023-07-12T10:13:32.340Z", "slug": "leather-bag4e80ad8d-2789-4cb6-b0e1-e5d11abf6946", "productVariantAttribute": []}}, {"model": "product.productvariant", "pk": "6ca03cfb-1c12-4bb6-9dda-8be51d45c49a", "fields": {"variantProduct": "a2610f7b-1fb0-4bcf-9a5d-26dbad66decf", "productVariantQuantity": 50, "productVariantStockStatus": "In Stock", "productVariantPrice": 40, "productVariantDiscount": 15, "productVariantDiscountPrice": 6, "productVariantFinalPrice": 34, "productVariantTax": 10, "productVariantTaxPrice": 3, "productVariantFinalPriceAfterTax": 37, "productVariantCreatedAt": "2023-07-13T08:22:49.784Z", "productVariantUpdatedAt": "2023-07-13T08:22:49.784Z", "slug": "lg-machine6ca03cfb-1c12-4bb6-9dda-8be51d45c49a", "productVariantAttribute": ["5ff55af6-80e3-465a-966a-0ae2c710c80a", "adc79f4d-34f0-4bfd-a64a-f475f8535ea2"]}}, {"model": "product.productvariant", "pk": "76c5d2cb-19df-49a0-98cf-541c76c90bb9", "fields": {"variantProduct": "a2610f7b-1fb0-4bcf-9a5d-26dbad66decf", "productVariantQuantity": 40, "productVariantStockStatus": "In Stock", "productVariantPrice": 30, "productVariantDiscount": 10, "productVariantDiscountPrice": 3, "productVariantFinalPrice": 27, "productVariantTax": 25, "productVariantTaxPrice": 7, "productVariantFinalPriceAfterTax": 34, "productVariantCreatedAt": "2023-07-13T08:22:49.780Z", "productVariantUpdatedAt": "2023-07-13T08:22:49.780Z", "slug": "lg-machine76c5d2cb-19df-49a0-98cf-541c76c90bb9", "productVariantAttribute": ["3312bee9-3020-4482-9294-09f5efd470f2", "34b3c52d-5e05-447f-baaf-00c81a3da85d"]}}, {"model": "product.productvariant", "pk": "801c159b-8b9d-4f01-902a-0ea8680c1542", "fields": {"variantProduct": "fdccb501-41fc-400d-b21d-7febf48ca4c9", "productVariantQuantity": 50, "productVariantStockStatus": "In Stock", "productVariantPrice": 85, "productVariantDiscount": 10, "productVariantDiscountPrice": 8, "productVariantFinalPrice": 77, "productVariantTax": 15, "productVariantTaxPrice": 12, "productVariantFinalPriceAfterTax": 89, "productVariantCreatedAt": "2023-07-10T04:04:08.257Z", "productVariantUpdatedAt": "2023-07-10T04:04:08.257Z", "slug": "iphone-14801c159b-8b9d-4f01-902a-0ea8680c1542", "productVariantAttribute": []}}, {"model": "product.productvariant", "pk": "82ac4e95-ab4d-44d6-a892-5fd9c06fcab8", "fields": {"variantProduct": "06cf09c0-b6f5-4ad2-82e1-e1200681104c", "productVariantQuantity": 60, "productVariantStockStatus": "In Stock", "productVariantPrice": 160, "productVariantDiscount": 10, "productVariantDiscountPrice": 16, "productVariantFinalPrice": 144, "productVariantTax": 15, "productVariantTaxPrice": 22, "productVariantFinalPriceAfterTax": 166, "productVariantCreatedAt": "2023-07-17T06:21:56.095Z", "productVariantUpdatedAt": "2023-07-17T06:21:56.096Z", "slug": "smart-tv82ac4e95-ab4d-44d6-a892-5fd9c06fcab8", "productVariantAttribute": ["adc79f4d-34f0-4bfd-a64a-f475f8535ea2", "f153a79a-dfb3-4c87-949a-3208d8f8851f"]}}, {"model": "product.productvariant", "pk": "9854a620-c417-4db6-b556-96746304391b", "fields": {"variantProduct": "0ef0f240-7671-4a7b-ae5b-375fe15329ed", "productVariantQuantity": 40, "productVariantStockStatus": "In Stock", "productVariantPrice": 50, "productVariantDiscount": 20, "productVariantDiscountPrice": 10, "productVariantFinalPrice": 40, "productVariantTax": 10, "productVariantTaxPrice": 4, "productVariantFinalPriceAfterTax": 44, "productVariantCreatedAt": "2023-07-10T10:22:58.358Z", "productVariantUpdatedAt": "2023-07-10T10:22:58.358Z", "slug": "bluetooth-speaker9854a620-c417-4db6-b556-96746304391b", "productVariantAttribute": ["34b3c52d-5e05-447f-baaf-00c81a3da85d", "b2c1b7fa-b27b-4cbd-839b-602584993ff5"]}}, {"model": "product.productvariant", "pk": "b689be3e-63b2-4331-a61b-b274b1aa1946", "fields": {"variantProduct": "07b17732-d80a-497a-bc57-003b8b1e252c", "productVariantQuantity": 40, "productVariantStockStatus": "In Stock", "productVariantPrice": 55, "productVariantDiscount": 10, "productVariantDiscountPrice": 6, "productVariantFinalPrice": 49, "productVariantTax": 15, "productVariantTaxPrice": 7, "productVariantFinalPriceAfterTax": 56, "productVariantCreatedAt": "2023-07-14T04:53:18.462Z", "productVariantUpdatedAt": "2023-07-14T04:53:18.462Z", "slug": "trimmerb689be3e-63b2-4331-a61b-b274b1aa1946", "productVariantAttribute": []}}, {"model": "product.productvariant", "pk": "bf4dc060-7b5d-461b-a42d-f21099115be5", "fields": {"variantProduct": "8b9ea8bb-da5d-4568-9ad0-2dfabc5f1faf", "productVariantQuantity": 60, "productVariantStockStatus": "In Stock", "productVariantPrice": 120, "productVariantDiscount": 10, "productVariantDiscountPrice": 12, "productVariantFinalPrice": 108, "productVariantTax": 15, "productVariantTaxPrice": 16, "productVariantFinalPriceAfterTax": 124, "productVariantCreatedAt": "2023-07-17T06:12:49.144Z", "productVariantUpdatedAt": "2023-07-17T06:12:49.144Z", "slug": "vacuum-cleanerbf4dc060-7b5d-461b-a42d-f21099115be5", "productVariantAttribute": []}}, {"model": "product.productvariant", "pk": "c2d4f9d7-0a1b-451a-96c5-23e5610db324", "fields": {"variantProduct": "0716889e-7d4d-4798-b733-eee1e34c7ef0", "productVariantQuantity": 50, "productVariantStockStatus": "In Stock", "productVariantPrice": 100, "productVariantDiscount": 5, "productVariantDiscountPrice": 5, "productVariantFinalPrice": 95, "productVariantTax": 10, "productVariantTaxPrice": 10, "productVariantFinalPriceAfterTax": 105, "productVariantCreatedAt": "2023-07-06T09:54:15.021Z", "productVariantUpdatedAt": "2023-07-06T09:54:15.021Z", "slug": "fancy-jacketc2d4f9d7-0a1b-451a-96c5-23e5610db324", "productVariantAttribute": []}}, {"model": "product.productvariant", "pk": "d560a597-de68-4b01-b945-2b8c9badbfe9", "fields": {"variantProduct": "0ef0f240-7671-4a7b-ae5b-375fe15329ed", "productVariantQuantity": 50, "productVariantStockStatus": "In Stock", "productVariantPrice": 80, "productVariantDiscount": 10, "productVariantDiscountPrice": 8, "productVariantFinalPrice": 72, "productVariantTax": 15, "productVariantTaxPrice": 11, "productVariantFinalPriceAfterTax": 83, "productVariantCreatedAt": "2023-07-10T10:22:58.360Z", "productVariantUpdatedAt": "2023-07-10T10:22:58.360Z", "slug": "bluetooth-speakerd560a597-de68-4b01-b945-2b8c9badbfe9", "productVariantAttribute": ["b2c1b7fa-b27b-4cbd-839b-602584993ff5", "b6541bc2-a27e-465f-a835-3c37b9e0e52a"]}}, {"model": "product.productvariant", "pk": "eccadf99-b639-489d-a0af-b341c795710c", "fields": {"variantProduct": "18283a17-1c0b-4549-aa9b-e1e205145cdf", "productVariantQuantity": 40, "productVariantStockStatus": "In Stock", "productVariantPrice": 80, "productVariantDiscount": 10, "productVariantDiscountPrice": 8, "productVariantFinalPrice": 72, "productVariantTax": 20, "productVariantTaxPrice": 14, "productVariantFinalPriceAfterTax": 86, "productVariantCreatedAt": "2023-07-13T08:20:06.698Z", "productVariantUpdatedAt": "2023-07-13T08:20:06.698Z", "slug": "dressing-tableeccadf99-b639-489d-a0af-b341c795710c", "productVariantAttribute": []}}, {"model": "product.productvariant", "pk": "fc4671ff-9841-41f3-9c83-8dc3b7d0d534", "fields": {"variantProduct": "f3657b46-64cd-44c9-bc11-28b928811f66", "productVariantQuantity": 60, "productVariantStockStatus": "In Stock", "productVariantPrice": 150, "productVariantDiscount": 15, "productVariantDiscountPrice": 22, "productVariantFinalPrice": 128, "productVariantTax": 10, "productVariantTaxPrice": 13, "productVariantFinalPriceAfterTax": 141, "productVariantCreatedAt": "2023-07-14T04:55:38.780Z", "productVariantUpdatedAt": "2023-07-14T04:55:38.780Z", "slug": "samsung-galaxyfc4671ff-9841-41f3-9c83-8dc3b7d0d534", "productVariantAttribute": ["c48851f8-d240-4e01-9a2f-59abad0ffb5f", "f153a79a-dfb3-4c87-949a-3208d8f8851f"]}}, {"model": "product.productvariant", "pk": "fca5a5b1-0a96-4a06-b502-af30c6679259", "fields": {"variantProduct": "0165ca8e-bc93-4713-9cdb-6712f44249d6", "productVariantQuantity": 60, "productVariantStockStatus": "In Stock", "productVariantPrice": 80, "productVariantDiscount": 10, "productVariantDiscountPrice": 8, "productVariantFinalPrice": 72, "productVariantTax": 15, "productVariantTaxPrice": 11, "productVariantFinalPriceAfterTax": 83, "productVariantCreatedAt": "2023-07-12T10:14:24.640Z", "productVariantUpdatedAt": "2023-07-12T10:14:24.640Z", "slug": "digital-camerafca5a5b1-0a96-4a06-b502-af30c6679259", "productVariantAttribute": []}}, {"model": "product.multipleimages", "pk": "0c829b0b-ec12-4666-9b82-18390b9ba55c", "fields": {"multipleImageOfProduct": "06cf09c0-b6f5-4ad2-82e1-e1200681104c", "multipleImages": "fashion/product/multipleimages/12_5OxDBQL.jpg"}}, {"model": "product.multipleimages", "pk": "0d859ec4-be82-4fd2-9b6f-e1e7a43ad81d", "fields": {"multipleImageOfProduct": "06cf09c0-b6f5-4ad2-82e1-e1200681104c", "multipleImages": "fashion/product/multipleimages/12.jpg"}}, {"model": "product.multipleimages", "pk": "0da08361-ec1d-472e-bea7-1dc04eb4a7ff", "fields": {"multipleImageOfProduct": "0165ca8e-bc93-4713-9cdb-6712f44249d6", "multipleImages": "fashion/product/multipleimages/3_NcRv5hN.jpg"}}, {"model": "product.multipleimages", "pk": "18154160-0ac7-462d-b853-457911951726", "fields": {"multipleImageOfProduct": "2821bc56-d7e9-402d-8561-b4d0d3480731", "multipleImages": "fashion/product/multipleimages/5_gYjiyZV.jpg"}}, {"model": "product.multipleimages", "pk": "1b7b9568-4e51-4bc6-8318-32341850e516", "fields": {"multipleImageOfProduct": "07b17732-d80a-497a-bc57-003b8b1e252c", "multipleImages": "fashion/product/multipleimages/2_DwwF2AX.jpg"}}, {"model": "product.multipleimages", "pk": "1c5a506c-2746-48cc-80f7-5aa32ee1f5da", "fields": {"multipleImageOfProduct": "0716889e-7d4d-4798-b733-eee1e34c7ef0", "multipleImages": "fashion/product/multipleimages/5.jpg"}}, {"model": "product.multipleimages", "pk": "1ebe4fe6-e67f-4226-80d1-e546c3df886c", "fields": {"multipleImageOfProduct": "07b17732-d80a-497a-bc57-003b8b1e252c", "multipleImages": "fashion/product/multipleimages/6.jpg"}}, {"model": "product.multipleimages", "pk": "2c9d8d06-c070-4b74-8cce-2eeb737cc9f1", "fields": {"multipleImageOfProduct": "18283a17-1c0b-4549-aa9b-e1e205145cdf", "multipleImages": "fashion/product/multipleimages/8_KV1tnl3.jpg"}}, {"model": "product.multipleimages", "pk": "3453dd49-efba-443b-b80e-2aac55b64017", "fields": {"multipleImageOfProduct": "a2610f7b-1fb0-4bcf-9a5d-26dbad66decf", "multipleImages": "fashion/product/multipleimages/a7_e3Dl9xd.jpg"}}, {"model": "product.multipleimages", "pk": "36d91695-cc75-4fea-9ba4-9cb7ec88e4a4", "fields": {"multipleImageOfProduct": "77092b66-4309-4bd3-9f1a-104186d35fc4", "multipleImages": "fashion/product/multipleimages/2_cURXIbO.jpg"}}, {"model": "product.multipleimages", "pk": "3b444b1c-b748-434f-a4f9-acbec762265c", "fields": {"multipleImageOfProduct": "f3657b46-64cd-44c9-bc11-28b928811f66", "multipleImages": "fashion/product/multipleimages/3_xhG1KJf.jpg"}}, {"model": "product.multipleimages", "pk": "4f789573-6c14-4ee9-b858-ac83d5fc9f11", "fields": {"multipleImageOfProduct": "0165ca8e-bc93-4713-9cdb-6712f44249d6", "multipleImages": "fashion/product/multipleimages/4_5oNsbk6.jpg"}}, {"model": "product.multipleimages", "pk": "509dd1e8-175d-48bf-99ad-dd2583500a94", "fields": {"multipleImageOfProduct": "77092b66-4309-4bd3-9f1a-104186d35fc4", "multipleImages": "fashion/product/multipleimages/1_gF0NFqI.jpg"}}, {"model": "product.multipleimages", "pk": "53153599-1959-4422-acc7-ec98f63e52c4", "fields": {"multipleImageOfProduct": "2821bc56-d7e9-402d-8561-b4d0d3480731", "multipleImages": "fashion/product/multipleimages/a4.jpg"}}, {"model": "product.multipleimages", "pk": "59f6b39a-ab37-4fea-a25d-6a5f19d83c5d", "fields": {"multipleImageOfProduct": "fdccb501-41fc-400d-b21d-7febf48ca4c9", "multipleImages": "fashion/product/multipleimages/a1.jpg"}}, {"model": "product.multipleimages", "pk": "5aea8837-0db0-4932-b5cf-f05696cb3855", "fields": {"multipleImageOfProduct": "0716889e-7d4d-4798-b733-eee1e34c7ef0", "multipleImages": "fashion/product/multipleimages/3.jpg"}}, {"model": "product.multipleimages", "pk": "64b91f5e-3249-4401-b32b-672770891b86", "fields": {"multipleImageOfProduct": "fdccb501-41fc-400d-b21d-7febf48ca4c9", "multipleImages": "fashion/product/multipleimages/2_ULzqVh9.jpg"}}, {"model": "product.multipleimages", "pk": "6a263b05-6bda-4a79-ab85-4559a82786f4", "fields": {"multipleImageOfProduct": "0716889e-7d4d-4798-b733-eee1e34c7ef0", "multipleImages": "fashion/product/multipleimages/4.jpg"}}, {"model": "product.multipleimages", "pk": "6eb130aa-4623-4cc5-b3ae-ece9e247fc63", "fields": {"multipleImageOfProduct": "06cf09c0-b6f5-4ad2-82e1-e1200681104c", "multipleImages": "fashion/product/multipleimages/4_T4Ehh6R.jpg"}}, {"model": "product.multipleimages", "pk": "74f808b4-c628-423f-9704-82454fa69e76", "fields": {"multipleImageOfProduct": "0ef0f240-7671-4a7b-ae5b-375fe15329ed", "multipleImages": "fashion/product/multipleimages/a7.jpg"}}, {"model": "product.multipleimages", "pk": "76f32500-5395-4a62-b89f-ace73a4c67e7", "fields": {"multipleImageOfProduct": "8b9ea8bb-da5d-4568-9ad0-2dfabc5f1faf", "multipleImages": "fashion/product/multipleimages/11_rJQA2JZ.jpg"}}, {"model": "product.multipleimages", "pk": "7fbea184-9311-4422-b5f2-f89267e03ee8", "fields": {"multipleImageOfProduct": "77092b66-4309-4bd3-9f1a-104186d35fc4", "multipleImages": "fashion/product/multipleimages/1_D8vTDxc.jpg"}}, {"model": "product.multipleimages", "pk": "834e688b-ca5f-42c5-80a3-44e0c6e19995", "fields": {"multipleImageOfProduct": "0165ca8e-bc93-4713-9cdb-6712f44249d6", "multipleImages": "fashion/product/multipleimages/a3.jpg"}}, {"model": "product.multipleimages", "pk": "8d3695d9-2a0c-43f4-93dc-01eab5896e57", "fields": {"multipleImageOfProduct": "a2610f7b-1fb0-4bcf-9a5d-26dbad66decf", "multipleImages": "fashion/product/multipleimages/a2_nMwBOkx.jpg"}}, {"model": "product.multipleimages", "pk": "8ed81484-0bad-4606-80dd-dd0e37cdb81d", "fields": {"multipleImageOfProduct": "0716889e-7d4d-4798-b733-eee1e34c7ef0", "multipleImages": "fashion/product/multipleimages/2.jpg"}}, {"model": "product.multipleimages", "pk": "91e0c13b-1973-427d-b4b0-b92a3179e57f", "fields": {"multipleImageOfProduct": "0165ca8e-bc93-4713-9cdb-6712f44249d6", "multipleImages": "fashion/product/multipleimages/3_lQU1BuS.jpg"}}, {"model": "product.multipleimages", "pk": "9b3980f8-0c4d-4bad-905d-3fb4042fa6da", "fields": {"multipleImageOfProduct": "a2610f7b-1fb0-4bcf-9a5d-26dbad66decf", "multipleImages": "fashion/product/multipleimages/a1_brlBWV9.jpg"}}, {"model": "product.multipleimages", "pk": "9c4c3659-09cc-4500-b843-febe83ec9094", "fields": {"multipleImageOfProduct": "0ef0f240-7671-4a7b-ae5b-375fe15329ed", "multipleImages": "fashion/product/multipleimages/7.jpg"}}, {"model": "product.multipleimages", "pk": "9d294a82-46ef-48f2-a555-51b4ca7b2a45", "fields": {"multipleImageOfProduct": "18283a17-1c0b-4549-aa9b-e1e205145cdf", "multipleImages": "fashion/product/multipleimages/a2_M2ubLYV.jpg"}}, {"model": "product.multipleimages", "pk": "9e46ea3d-42cb-4aaa-854d-5fee47be0ffe", "fields": {"multipleImageOfProduct": "f3657b46-64cd-44c9-bc11-28b928811f66", "multipleImages": "fashion/product/multipleimages/13.jpg"}}, {"model": "product.multipleimages", "pk": "a0382b47-8ba7-449a-9c5d-a11c267ca28b", "fields": {"multipleImageOfProduct": "0716889e-7d4d-4798-b733-eee1e34c7ef0", "multipleImages": "fashion/product/multipleimages/1.jpg"}}, {"model": "product.multipleimages", "pk": "a42a96d7-8563-48db-801b-04585c6ebdcb", "fields": {"multipleImageOfProduct": "8b9ea8bb-da5d-4568-9ad0-2dfabc5f1faf", "multipleImages": "fashion/product/multipleimages/1_7tZk3nb.jpg"}}, {"model": "product.multipleimages", "pk": "b5296c4b-ec13-47fa-95e1-fcfdf86c4a1a", "fields": {"multipleImageOfProduct": "0ef0f240-7671-4a7b-ae5b-375fe15329ed", "multipleImages": "fashion/product/multipleimages/a2_PTYNh3z.jpg"}}, {"model": "product.multipleimages", "pk": "badff6ec-69fc-4e32-af00-ef08cdcb08fc", "fields": {"multipleImageOfProduct": "f3657b46-64cd-44c9-bc11-28b928811f66", "multipleImages": "fashion/product/multipleimages/9.jpg"}}, {"model": "product.multipleimages", "pk": "c2750ae0-0010-46f0-85bd-f6c4c5440b32", "fields": {"multipleImageOfProduct": "0ef0f240-7671-4a7b-ae5b-375fe15329ed", "multipleImages": "fashion/product/multipleimages/8.jpg"}}, {"model": "product.multipleimages", "pk": "cd655e3a-7c61-4b76-9dce-a5612f5eeaf5", "fields": {"multipleImageOfProduct": "77092b66-4309-4bd3-9f1a-104186d35fc4", "multipleImages": "fashion/product/multipleimages/2_SECTnYP.jpg"}}, {"model": "product.multipleimages", "pk": "ceed878d-ae9a-492e-9a2f-6803b75d49f1", "fields": {"multipleImageOfProduct": "18283a17-1c0b-4549-aa9b-e1e205145cdf", "multipleImages": "fashion/product/multipleimages/8_RBxzzzT.jpg"}}, {"model": "product.multipleimages", "pk": "d390a0da-1fb0-4d90-9ba0-9e23ed1c1b64", "fields": {"multipleImageOfProduct": "8b9ea8bb-da5d-4568-9ad0-2dfabc5f1faf", "multipleImages": "fashion/product/multipleimages/1_eygQrVV.jpg"}}, {"model": "product.multipleimages", "pk": "db087252-7b63-4dce-9cc3-92456483e598", "fields": {"multipleImageOfProduct": "07b17732-d80a-497a-bc57-003b8b1e252c", "multipleImages": "fashion/product/multipleimages/11.jpg"}}, {"model": "product.multipleimages", "pk": "ddd5e166-9dda-48a1-a61b-793e4e404c84", "fields": {"multipleImageOfProduct": "fdccb501-41fc-400d-b21d-7febf48ca4c9", "multipleImages": "fashion/product/multipleimages/a2.jpg"}}, {"model": "product.multipleimages", "pk": "e2edd14b-64a2-4977-91c5-e8ec7480e4d4", "fields": {"multipleImageOfProduct": "a2610f7b-1fb0-4bcf-9a5d-26dbad66decf", "multipleImages": "fashion/product/multipleimages/1_DU96yMn.jpg"}}, {"model": "product.multipleimages", "pk": "ed3b9aec-0d8f-40ff-9719-8b2e58474eb2", "fields": {"multipleImageOfProduct": "07b17732-d80a-497a-bc57-003b8b1e252c", "multipleImages": "fashion/product/multipleimages/2_ZN3Q2EL.jpg"}}, {"model": "product.multipleimages", "pk": "f130bc1a-be16-4cba-9d92-9daa1a717b3b", "fields": {"multipleImageOfProduct": "2821bc56-d7e9-402d-8561-b4d0d3480731", "multipleImages": "fashion/product/multipleimages/4_H36Oe1o.jpg"}}, {"model": "product.multipleimages", "pk": "f48348b2-869e-4faf-af70-60f86f754c21", "fields": {"multipleImageOfProduct": "f3657b46-64cd-44c9-bc11-28b928811f66", "multipleImages": "fashion/product/multipleimages/10.jpg"}}, {"model": "product.multipleimages", "pk": "f5175060-8571-4502-86e1-0df5bbea5359", "fields": {"multipleImageOfProduct": "8b9ea8bb-da5d-4568-9ad0-2dfabc5f1faf", "multipleImages": "fashion/product/multipleimages/8_rhL4oaA.jpg"}}, {"model": "product.multipleimages", "pk": "f5851002-fd7a-4c8a-af4c-49a32448be76", "fields": {"multipleImageOfProduct": "fdccb501-41fc-400d-b21d-7febf48ca4c9", "multipleImages": "fashion/product/multipleimages/1_p4PStAk.jpg"}}, {"model": "product.multipleimages", "pk": "f913affd-f6f9-4617-a701-44b28577ed5b", "fields": {"multipleImageOfProduct": "06cf09c0-b6f5-4ad2-82e1-e1200681104c", "multipleImages": "fashion/product/multipleimages/4_6V5lccn.jpg"}}, {"model": "product.productmeta", "pk": "088455a2-4bb0-43f6-940f-459d4bf32501", "fields": {"product": "06cf09c0-b6f5-4ad2-82e1-e1200681104c", "productSoldQuantity": 0}}, {"model": "product.productmeta", "pk": "27aecbcd-bfad-47d2-845e-afed001b6445", "fields": {"product": "0165ca8e-bc93-4713-9cdb-6712f44249d6", "productSoldQuantity": 0}}, {"model": "product.productmeta", "pk": "3e06eae2-2f5c-44e9-ace0-7a590f7bfa3d", "fields": {"product": "8b9ea8bb-da5d-4568-9ad0-2dfabc5f1faf", "productSoldQuantity": 0}}, {"model": "product.productmeta", "pk": "51ac414f-5998-4ead-9be6-d319f1b5540e", "fields": {"product": "a2610f7b-1fb0-4bcf-9a5d-26dbad66decf", "productSoldQuantity": 0}}, {"model": "product.productmeta", "pk": "5707b5b4-4787-45dd-bf58-d3af9779b2ee", "fields": {"product": "77092b66-4309-4bd3-9f1a-104186d35fc4", "productSoldQuantity": 0}}, {"model": "product.productmeta", "pk": "9288d09e-cf94-498a-b269-c428f271190d", "fields": {"product": "fdccb501-41fc-400d-b21d-7febf48ca4c9", "productSoldQuantity": 0}}, {"model": "product.productmeta", "pk": "a669da95-3c63-4a6e-a8a7-07ecebfcb38c", "fields": {"product": "f3657b46-64cd-44c9-bc11-28b928811f66", "productSoldQuantity": 0}}, {"model": "product.productmeta", "pk": "ad77430f-6555-4674-9e7a-c249179f063b", "fields": {"product": "0ef0f240-7671-4a7b-ae5b-375fe15329ed", "productSoldQuantity": 0}}, {"model": "product.productmeta", "pk": "b090827f-da3a-451e-baf0-324610149c65", "fields": {"product": "07b17732-d80a-497a-bc57-003b8b1e252c", "productSoldQuantity": 0}}, {"model": "product.productmeta", "pk": "c559f3e0-2cea-4337-8d5b-aaaadbc663ba", "fields": {"product": "18283a17-1c0b-4549-aa9b-e1e205145cdf", "productSoldQuantity": 0}}, {"model": "product.productmeta", "pk": "c6564586-36a8-4ed6-a58b-85295be83881", "fields": {"product": "2821bc56-d7e9-402d-8561-b4d0d3480731", "productSoldQuantity": 0}}, {"model": "product.productmeta", "pk": "ce15c154-8b11-4dab-bdc5-4720c49649ae", "fields": {"product": "0716889e-7d4d-4798-b733-eee1e34c7ef0", "productSoldQuantity": 0}}, {"model": "product.attributename", "pk": "a485a4fc-3257-4edb-a415-41925db28f47", "fields": {"attributeName": "Size", "slug": "size", "createdAt": "2023-07-06T09:33:55.698Z"}}, {"model": "product.attributename", "pk": "dde33746-fd90-4f99-bf7e-c702a07814d3", "fields": {"attributeName": "Color", "slug": "color", "createdAt": "2023-07-06T09:33:04.222Z"}}, {"model": "product.attributevalue", "pk": "3312bee9-3020-4482-9294-09f5efd470f2", "fields": {"attributeName": "dde33746-fd90-4f99-bf7e-c702a07814d3", "attributeValue": "Green", "attributeImage": "fashion/product/attribute/green.png", "slug": "3312bee9-3020-4482-9294-09f5efd470f2", "createdAt": "2023-07-06T09:33:04.231Z"}}, {"model": "product.attributevalue", "pk": "34b3c52d-5e05-447f-baaf-00c81a3da85d", "fields": {"attributeName": "a485a4fc-3257-4edb-a415-41925db28f47", "attributeValue": "S", "attributeImage": "", "slug": "34b3c52d-5e05-447f-baaf-00c81a3da85d", "createdAt": "2023-07-06T09:33:55.699Z"}}, {"model": "product.attributevalue", "pk": "5ff55af6-80e3-465a-966a-0ae2c710c80a", "fields": {"attributeName": "a485a4fc-3257-4edb-a415-41925db28f47", "attributeValue": "XL", "attributeImage": "", "slug": "5ff55af6-80e3-465a-966a-0ae2c710c80a", "createdAt": "2023-07-06T09:33:55.700Z"}}, {"model": "product.attributevalue", "pk": "adc79f4d-34f0-4bfd-a64a-f475f8535ea2", "fields": {"attributeName": "dde33746-fd90-4f99-bf7e-c702a07814d3", "attributeValue": "Blue", "attributeImage": "fashion/product/attribute/blue.png", "slug": "adc79f4d-34f0-4bfd-a64a-f475f8535ea2", "createdAt": "2023-07-06T09:33:04.227Z"}}, {"model": "product.attributevalue", "pk": "b2c1b7fa-b27b-4cbd-839b-602584993ff5", "fields": {"attributeName": "dde33746-fd90-4f99-bf7e-c702a07814d3", "attributeValue": "Red", "attributeImage": "fashion/product/attribute/Red.png", "slug": "b2c1b7fa-b27b-4cbd-839b-602584993ff5", "createdAt": "2023-07-06T09:33:04.225Z"}}, {"model": "product.attributevalue", "pk": "b4a85bfb-5f2b-4c48-b829-2d6459654809", "fields": {"attributeName": "a485a4fc-3257-4edb-a415-41925db28f47", "attributeValue": "L", "attributeImage": "", "slug": "b4a85bfb-5f2b-4c48-b829-2d6459654809", "createdAt": "2023-07-06T09:33:55.699Z"}}, {"model": "product.attributevalue", "pk": "b6541bc2-a27e-465f-a835-3c37b9e0e52a", "fields": {"attributeName": "a485a4fc-3257-4edb-a415-41925db28f47", "attributeValue": "M", "attributeImage": "", "slug": "b6541bc2-a27e-465f-a835-3c37b9e0e52a", "createdAt": "2023-07-06T09:33:55.699Z"}}, {"model": "product.attributevalue", "pk": "c48851f8-d240-4e01-9a2f-59abad0ffb5f", "fields": {"attributeName": "dde33746-fd90-4f99-bf7e-c702a07814d3", "attributeValue": "Orange", "attributeImage": "fashion/product/attribute/orange.png", "slug": "c48851f8-d240-4e01-9a2f-59abad0ffb5f", "createdAt": "2023-07-06T09:33:04.229Z"}}, {"model": "product.attributevalue", "pk": "f153a79a-dfb3-4c87-949a-3208d8f8851f", "fields": {"attributeName": "a485a4fc-3257-4edb-a415-41925db28f47", "attributeValue": "XXL", "attributeImage": "", "slug": "f153a79a-dfb3-4c87-949a-3208d8f8851f", "createdAt": "2023-07-06T09:33:55.700Z"}}, {"model": "currency.currency", "pk": "180fce99-51db-4bab-b7b9-c9596ecb25e8", "fields": {"name": "Indian Rupee", "code": "INR", "factor": "70.00", "symbol": "", "is_active": true, "slug": "180fce99-51db-4bab-b7b9-c9596ecb25e8"}}, {"model": "currency.currency", "pk": "e240b129-0dc4-49e2-b5ae-c0cc610fbec8", "fields": {"name": "US Dollar", "code": "USD", "factor": "1.00", "symbol": "$", "is_active": true, "slug": "e240b129-0dc4-49e2-b5ae-c0cc610fbec8"}}, {"model": "currency.currency", "pk": "f1027ea7-1f01-4cb1-a590-8b2fad6d781d", "fields": {"name": "Japanese Yen", "code": "JPY", "factor": "0.59", "symbol": "", "is_active": true, "slug": "f1027ea7-1f01-4cb1-a590-8b2fad6d781d"}}]